# Blender 5.2.0 LTS
# www.blender.org
mtllib model_raw.mtl
o new_scope
v 0.398154 0.306580 -0.001830
v 0.391512 0.268408 -0.008472
v 0.391512 0.268408 0.009326
v 0.398154 0.306580 0.002684
v 0.402667 0.306580 -0.001830
v 0.402667 0.306580 0.002684
v 0.402667 0.306580 0.002684
v 0.409309 0.268408 0.009326
v 0.409309 0.268408 -0.008472
v 0.402667 0.306580 -0.001830
v 0.409309 0.268408 -0.008472
v 0.402667 0.306580 -0.001830
v 0.390795 0.329743 -0.058155
v 0.414113 0.329743 -0.058155
v 0.390795 0.305540 -0.055600
v 0.414113 0.305540 -0.055600
v 0.390795 0.284468 -0.043422
v 0.414113 0.284468 -0.043422
v 0.390795 0.270172 -0.023726
v 0.414113 0.270172 -0.023726
v 0.390795 0.265123 0.000083
v 0.414113 0.265123 0.000083
v 0.390795 0.270194 0.023886
v 0.414113 0.270194 0.023886
v 0.390795 0.284508 0.043569
v 0.414113 0.284508 0.043569
v 0.390795 0.305591 0.055728
v 0.414113 0.305591 0.055728
v 0.390795 0.329796 0.058261
v 0.414113 0.329796 0.058261
v 0.390795 0.352939 0.050730
v 0.414113 0.352939 0.050730
v 0.390795 0.371018 0.034436
v 0.414113 0.371018 0.034436
v 0.390795 0.380907 0.012198
v 0.414113 0.380907 0.012198
v 0.390795 0.380896 -0.012139
v 0.414113 0.380896 -0.012139
v 0.390795 0.370987 -0.034368
v 0.414113 0.370987 -0.034368
v 0.390795 0.352893 -0.050645
v 0.414113 0.352893 -0.050645
v 0.414113 0.306815 -0.051681
v 0.414113 0.350834 -0.047075
v 0.414113 0.376865 -0.011281
v 0.414113 0.367683 0.032016
v 0.414113 0.329363 0.054163
v 0.414113 0.287264 0.040505
v 0.414113 0.269244 0.000081
v 0.414113 0.287227 -0.040360
v 0.414113 0.367654 -0.031944
v 0.414113 0.350877 0.047162
v 0.414113 0.273958 0.022208
v 0.414113 0.329314 -0.054056
v 0.414113 0.376875 0.011343
v 0.414113 0.273937 -0.022051
v 0.414113 0.306862 0.051808
v 0.390795 0.329314 -0.054056
v 0.390795 0.287227 -0.040360
v 0.390795 0.269244 0.000081
v 0.390795 0.287264 0.040505
v 0.390795 0.329363 0.054163
v 0.390795 0.367683 0.032016
v 0.390795 0.376865 -0.011281
v 0.390795 0.350834 -0.047075
v 0.390795 0.273937 -0.022051
v 0.390795 0.306862 0.051808
v 0.390795 0.376875 0.011343
v 0.390795 0.306815 -0.051681
v 0.390795 0.367654 -0.031944
v 0.390795 0.273958 0.022208
v 0.390795 0.350877 0.047162
v 0.873850 0.083739 0.115578
v 0.885017 0.099166 0.099155
v 0.886439 0.098821 0.100014
v 0.887636 0.097569 0.098944
v 1.061949 0.009450 0.119498
v 1.013689 0.020510 0.088828
v 1.047848 0.064236 0.083436
v 0.887366 0.099918 0.098878
v 0.891361 0.028001 0.105487
v 1.123482 -0.012248 0.020705
v 1.096117 0.053176 0.114106
v 1.089323 -0.055974 0.026097
v 1.075555 0.108230 0.053983
v 1.145420 0.005720 0.090772
v 1.145006 0.022398 0.062377
v 1.164596 -0.094351 0.034362
v 1.198764 -0.050625 0.028974
v 1.075654 -0.025787 -0.055583
v 1.041486 -0.069514 -0.050195
v 1.317852 0.111638 -0.004451
v 1.335832 0.118508 -0.001398
v 0.390795 0.265123 0.000083
v 1.335031 0.118508 0.000255
v 1.315567 0.111638 0.000255
v 0.414113 0.270194 0.023886
v 1.281849 0.165803 -0.022829
v 1.339422 0.196703 0.023475
v 1.257930 0.152877 -0.008501
v 1.363341 0.209628 0.009143
v 1.376398 0.166355 0.003792
v 1.322073 0.137135 -0.017526
v 1.352488 0.153430 0.018124
v 1.356097 0.118508 0.000255
v 1.355296 0.118508 -0.001398
v 1.341537 0.118508 -0.003732
v 1.345568 0.118508 -0.004064
v 1.349600 0.118508 -0.003732
v 1.345568 0.111638 -0.012038
v 1.357041 0.111638 -0.011105
v 1.334086 0.111638 -0.011105
v 1.324358 0.111638 -0.008438
v 1.366778 0.111638 -0.008438
v 1.373275 0.111638 -0.004451
v 1.375561 0.111638 0.000255
v 0.561111 -0.140533 0.005016
v 0.587819 -0.140533 0.007967
v 0.556692 -0.140533 -0.000520
v 0.564323 -0.140533 -0.005668
v 0.595972 -0.140533 -0.005856
v 0.583086 -0.140533 -0.007763
v 0.602352 -0.140533 0.004054
v 0.604673 -0.140533 -0.000520
v -1.534000 0.078988 -0.000284
v -1.534000 0.067590 0.000255
v -1.534000 0.078665 -0.000804
v -1.534000 0.075549 -0.002301
v -1.534000 0.074467 -0.002460
v -1.534000 0.076977 -0.001873
v -1.534000 0.068557 -0.001283
v -1.534000 0.069271 -0.001700
v -1.534000 0.067697 -0.000284
v -1.534000 0.070146 -0.002047
v -1.534000 0.071144 -0.002301
v -1.534000 0.072218 -0.002460
v -1.534000 0.079103 0.000255
v -1.534000 0.067697 0.000793
v 1.142730 0.114140 -0.093795
v 1.243056 -0.009831 -0.081673
v 1.185761 0.140965 -0.090262
v 1.286087 0.016994 -0.078139
v -1.534000 0.070645 0.002682
v -1.534000 0.068918 0.002003
v -1.534000 0.078665 0.001313
v -1.534000 0.078128 0.001793
v -1.534000 0.074467 0.002969
v -1.534000 0.075549 0.002811
v -1.534000 0.077414 0.002209
v 0.411841 0.376251 -0.004691
v 0.267089 0.040604 -0.006262
v 0.180783 0.011814 0.005300
v 0.271021 0.043827 -0.009220
v 0.269078 0.038562 -0.003068
v 1.099680 -0.112725 -0.069174
v 0.163236 -0.016117 -0.078895
v 0.131029 -0.044561 -0.110506
v 0.094252 -0.080689 -0.022169
v 0.034465 -0.134961 -0.031087
v 0.557511 -0.116194 0.038449
v 0.549494 -0.092785 0.051656
v 0.580683 -0.092785 0.052663
v 1.133848 -0.068999 -0.074562
v 0.905228 -0.034906 -0.130462
v 0.048251 -0.043993 -0.021918
v 0.112843 -0.065776 0.047621
v 0.066833 -0.029080 0.047868
v 0.535231 -0.116194 0.036232
v 0.519510 -0.092785 0.048676
v 0.548243 0.158826 -0.159693
v 0.536077 0.215316 -0.150655
v 0.458913 0.158826 -0.140656
v 0.318021 0.126098 -0.114364
v 0.589763 0.173125 -0.152801
v 0.591931 0.173125 -0.152506
v 0.458913 0.125203 -0.144493
v 0.458913 0.116181 -0.132991
v 0.458913 0.146127 -0.142104
v 0.458913 0.112911 -0.128821
v 0.502358 0.122839 -0.128821
v 0.458913 0.158826 -0.128821
v 0.553107 0.158826 -0.159917
v 0.553224 0.158826 -0.159882
v 0.577527 0.158826 -0.152801
v 0.591931 0.162118 -0.152801
v 0.558202 0.158826 -0.158432
v 0.338205 -0.098419 0.105487
v 0.198294 -0.043916 -0.004791
v 0.320694 -0.042688 0.115578
v 0.553588 0.159586 -0.160745
v 0.551496 0.158826 -0.160386
v 0.591931 0.171805 -0.152801
v 0.580683 -0.062997 0.064114
v 0.542682 -0.062997 0.062890
v 0.580683 -0.027967 0.073113
v 0.537327 -0.027967 0.071712
v 0.506147 -0.062997 0.059253
v 0.495646 -0.027967 0.067566
v 0.575464 0.139546 -0.128821
v 0.565836 0.137345 -0.128821
v 0.554333 0.134718 -0.128821
v 0.565055 0.137168 -0.128821
v 0.533638 0.010962 0.077790
v 0.580683 0.010962 0.079309
v -0.290305 0.047304 -0.000767
v -0.289658 0.019819 -0.007855
v -0.289712 0.047082 0.000255
v -0.298746 0.047235 0.000255
v 0.519870 -0.132313 -0.013070
v 0.513103 -0.132313 -0.008921
v 0.328775 0.135762 -0.109628
v 0.426995 0.224081 -0.066356
v 0.380985 0.260776 -0.066109
v 0.314863 0.134979 -0.112678
v 0.287507 0.062954 -0.115068
v 0.508946 -0.132313 -0.004425
v 0.507542 -0.132313 0.000255
v 0.552688 -0.132313 -0.021900
v 0.528959 -0.132313 -0.016703
v 0.247616 0.140858 -0.124867
v 0.540045 -0.132313 -0.019683
v 0.566411 -0.132313 -0.023264
v 0.580683 -0.132313 -0.023725
v 0.545642 0.184891 -0.109068
v 0.011239 0.126866 0.008365
v 0.075031 0.155295 0.007767
v 0.031621 0.104899 0.000255
v 0.011770 0.104109 0.002493
v 0.010474 0.104546 0.000255
v 0.334407 0.109182 0.003681
v 0.334407 0.109182 0.003681
v 0.578271 0.287218 -0.007763
v 0.573547 0.287218 0.007967
v 0.565385 0.287218 -0.005856
v 1.271032 0.071604 -0.045478
v 1.314865 0.074336 -0.032625
v 0.559005 0.287218 0.004053
v 0.556692 0.287218 -0.000520
v 0.600246 0.287218 0.005016
v 0.604673 0.287218 -0.000520
v 0.597042 0.287218 -0.005668
v 1.247114 0.058679 -0.031149
v 1.298154 0.124210 -0.003194
v 1.290946 0.061411 -0.018293
v 1.304093 0.098928 -0.006786
v 1.300674 0.098928 0.000255
v 1.313821 0.098928 -0.012757
v 1.328381 0.098928 -0.016744
v 1.296643 0.082326 -0.008051
v 1.295257 0.080929 -0.005204
v 1.295554 0.078565 -0.005805
v 1.294996 0.082326 -0.004658
v 1.295194 0.083002 -0.004389
v 1.295374 0.086732 -0.001025
v 1.295527 0.084690 -0.003389
v 1.294888 0.087016 0.000255
v 1.308125 0.082326 -0.015091
v 1.296643 0.064359 -0.008051
v 1.325303 0.082326 -0.019797
v 1.325303 0.064359 -0.019797
v 1.308125 0.064359 -0.015091
v -0.829703 0.079985 -0.007453
v -0.798072 0.115038 -0.013111
v -0.762627 0.128831 -0.001471
v -0.826067 0.142984 -0.018414
v -0.765299 0.166624 0.001535
v 1.295257 0.065755 -0.005204
v 1.294996 0.064359 -0.004658
v 1.295761 0.072011 -0.006236
v 1.295554 0.068119 -0.005805
v -0.783090 0.123681 0.010408
v -0.846530 0.137834 -0.006531
v -0.745448 0.106473 0.019577
v -0.785762 0.161474 0.013418
v -0.847484 0.080054 -0.030906
v 1.304093 0.047757 -0.006786
v -0.818535 0.109888 -0.001228
v 1.359003 0.014738 -0.032661
v 1.255627 0.038462 -0.053473
v 1.186175 0.124287 -0.061867
v -0.810562 0.078335 -0.020399
v -0.828281 0.079993 -0.007464
v -0.827498 0.083009 -0.006697
v 1.143144 0.097462 -0.065401
v 1.212604 0.011629 -0.057007
v -0.827462 0.083677 -0.006435
v 1.241913 -0.045904 -0.016106
v 1.317852 0.035054 -0.004451
v 1.315567 0.035054 0.000255
v 1.300674 0.047757 0.000255
v 1.324358 0.035054 -0.008438
v 1.313821 0.047757 -0.012757
v 0.587432 0.226852 -0.078298
v 0.573934 0.226852 -0.078298
v 0.580683 0.226852 -0.079039
v -0.867947 0.074912 -0.019027
v 1.295527 0.061995 -0.003389
v 1.295374 0.059953 -0.001025
v 1.295194 0.063683 -0.004389
v 1.294888 0.059669 0.000255
v 0.549494 0.239470 -0.051146
v 0.542682 0.209682 -0.062380
v 0.580683 0.209682 -0.063605
v 1.284944 -0.019079 -0.012572
v 0.568994 0.226852 -0.070741
v 0.568994 0.226852 -0.076273
v 1.328381 0.047757 -0.016744
v 0.567185 0.226852 -0.073507
v 0.573934 0.226852 -0.068716
v 0.587432 0.226852 -0.068716
v 0.580683 0.226852 -0.067975
v 1.335085 0.001813 -0.018330
v -0.816997 0.014707 -0.028627
v 0.587432 0.137519 -0.078298
v 0.568994 0.149232 -0.076273
v 1.345568 0.064359 -0.021450
v 1.365833 0.064359 -0.019797
v 1.345568 0.082326 -0.021450
v 0.567185 0.166240 -0.073507
v 1.365833 0.082326 -0.019797
v 1.383012 0.082326 -0.015091
v 1.362747 0.098928 -0.016744
v 1.377307 0.098928 -0.012757
v 1.345568 0.098928 -0.018145
v 0.580683 0.192674 -0.067975
v 0.618675 0.209682 -0.062380
v 0.587432 0.188936 -0.068716
v 0.573934 0.188936 -0.068716
v 1.394485 0.082326 -0.008051
v 1.398516 0.082326 0.000255
v 1.390454 0.098928 0.000255
v 1.387043 0.098928 -0.006786
v 0.641496 0.278997 0.013580
v 0.632398 0.278997 0.017213
v 0.621312 0.278997 0.020193
v 0.608669 0.278997 0.022409
v 0.594946 0.278997 0.023774
v 0.568994 0.180432 -0.070741
v 0.537327 0.174652 -0.071202
v 0.568040 0.174652 -0.072194
v 0.506147 0.209682 -0.058744
v 1.398516 0.064359 0.000255
v 1.394485 0.064359 -0.008051
v 0.648254 0.278997 0.009431
v 1.383012 0.064359 -0.015091
v 0.664667 0.262879 0.027790
v 0.679434 0.262879 0.021889
v 0.690188 0.242310 0.036158
v 0.713584 0.239470 0.029372
v 0.690412 0.262879 0.015158
v 0.728360 0.239470 0.020311
v 1.337244 -0.017798 -0.045537
v 0.591931 0.158826 -0.152801
v 0.646670 0.262879 0.032636
v 0.697170 0.262879 0.007852
v 0.591931 0.173125 -0.152801
v 0.652420 0.278997 0.004935
v 0.653824 0.278997 0.000255
v 0.699456 0.262879 0.000255
v 0.840663 0.189373 -0.115068
v 0.563145 0.129153 -0.119158
v 0.350515 0.114025 -0.075569
v 0.693670 0.142700 -0.098391
v 0.591931 0.158826 -0.148604
v 0.636649 0.158826 -0.135571
v 0.622246 0.150238 -0.128821
v 0.635808 0.153338 -0.128821
v 0.654165 0.157536 -0.128821
v 0.659808 0.158826 -0.128821
v 0.446729 0.135731 -0.065478
v 0.457230 0.174652 -0.060326
v 0.423558 0.174652 -0.051264
v 0.488411 0.135731 -0.072784
v 0.533638 0.135731 -0.077280
v 0.495646 0.174652 -0.067057
v 0.580683 0.132615 -0.079039
v 0.531766 0.094407 -0.080382
v 0.573934 0.137519 -0.078298
v 0.592372 0.180432 -0.070741
v 0.624029 0.174652 -0.071202
v 0.654544 0.174652 -0.068170
v 0.407234 0.287434 -0.002928
v 0.347213 0.227374 0.022678
v 0.328631 0.212468 -0.047111
v 0.407702 0.264076 -0.008401
v 0.405479 0.265830 -0.008434
v -0.215014 -0.109916 -0.024201
v -0.189566 -0.056742 -0.013767
v -0.041952 -0.089116 -0.040174
v -0.275827 -0.001050 0.011039
v -0.203397 -0.035873 -0.032661
v -0.083579 -0.021466 -0.043722
v -0.069749 -0.042335 -0.024828
v -0.228845 -0.089047 -0.043095
v -0.055783 -0.068247 -0.059068
v -0.011545 -0.098265 -0.030840
v 1.362747 0.047757 -0.016744
v 1.345568 0.047757 -0.018145
v 0.665180 0.243891 0.041716
v 0.663021 0.239470 0.044965
v 0.641847 0.239470 0.048676
v 0.603854 0.262879 0.038449
v 0.626135 0.262879 0.036232
v 0.611863 0.239470 0.051656
v 0.580683 0.239470 0.052663
v 1.345568 0.035054 -0.012038
v 1.357041 0.035054 -0.011105
v 1.341537 0.028177 -0.003732
v 1.334086 0.035054 -0.011105
v 1.335031 0.028177 0.000255
v 1.355296 0.028177 -0.001398
v 1.335832 0.028177 -0.001398
v 1.356097 0.028177 0.000255
v 1.345568 0.028177 -0.004064
v 1.349600 0.028177 -0.003732
v 0.669131 0.253055 0.033868
v 1.366778 0.035054 -0.008438
v 0.695560 0.239470 0.036571
v 1.373275 0.035054 -0.004451
v 1.375561 0.035054 0.000255
v 0.432781 0.239270 -0.019831
v 0.433006 0.239470 -0.019801
v 0.432709 0.239470 -0.019484
v 1.390454 0.047757 0.000255
v 1.387043 0.047757 -0.006786
v 1.377307 0.047757 -0.012757
v 0.432097 0.244229 -0.009434
v 1.428635 -0.006745 -0.017614
v 1.313326 -0.030723 -0.031205
v 0.395923 0.174652 -0.040222
v 0.410185 0.135731 -0.055646
v 0.418734 0.209682 -0.035225
v 0.412327 0.209682 -0.031297
v 1.285394 -0.092946 -0.022593
v 0.437145 0.232224 -0.028221
v 0.442959 0.209682 -0.044902
v 0.374632 0.175773 -0.047359
v 0.379923 0.180010 -0.027502
v 0.379590 0.180462 -0.027056
v 1.441692 -0.050018 -0.022965
v 1.404716 -0.019670 -0.003282
v 1.482969 0.022475 0.003703
v 0.651043 0.218977 0.055952
v 0.647219 0.212798 0.058803
v 0.700680 0.182588 0.059139
v 0.665720 0.174652 0.067566
v 0.655588 0.208446 0.059548
v 0.738114 0.214310 0.034746
v 0.749777 0.216198 0.050704
v 0.737448 0.239470 0.010478
v 0.740526 0.239470 0.000255
v 0.785978 0.174652 0.028137
v 0.760620 0.209682 0.024692
v 0.771706 0.209682 0.012713
v 0.798621 0.174652 0.014469
v 0.775450 0.209682 0.000255
v 0.802887 0.174652 0.000255
v 0.765443 0.174652 0.040732
v 0.739671 0.213336 0.034580
v 0.375388 0.174652 -0.027627
v 1.328426 -0.066113 -0.019060
v 1.417773 -0.062943 -0.008634
v 0.362736 0.174652 -0.013959
v 0.374992 0.195744 0.000255
v 0.358470 0.174652 0.000255
v 0.374722 0.190241 -0.013177
v 0.403373 0.094407 -0.057881
v 0.380202 0.135731 -0.043667
v 0.344198 0.135731 -0.015169
v 0.339564 0.135731 0.000255
v 0.334408 0.109182 -0.003171
v -0.829658 0.076731 -0.007929
v -0.830072 0.075994 -0.007959
v 0.720054 0.178152 0.055392
v 0.737808 0.174652 0.051774
v 0.719793 0.170807 0.057409
v 0.728306 0.191806 0.048657
v 0.738024 0.209682 0.037571
v 0.742623 0.209682 0.035734
v 0.739509 0.212883 0.035052
v 0.009987 0.061404 -0.013594
v -0.831034 0.073185 -0.008516
v 0.893053 0.158864 0.095861
v 0.592372 0.226852 -0.076273
v 0.594181 0.226852 -0.073507
v 0.592372 0.226852 -0.070741
v 0.803436 0.135731 0.030508
v 0.357921 0.135731 -0.029999
v 0.297522 0.106434 -0.081333
v 0.593317 0.174652 -0.072194
v 0.821793 0.135731 0.000255
v 0.817158 0.135731 0.015678
v 0.869594 0.104546 0.003238
v 0.858759 0.166770 0.005300
v 0.867101 0.102835 0.006123
v 0.467651 0.239470 -0.036803
v 0.472474 0.209682 -0.052843
v 0.491875 0.239470 -0.043320
v 0.519510 0.239470 -0.048166
v 0.514696 0.262879 -0.032127
v 0.751171 0.135731 0.056155
v 0.781155 0.135731 0.044176
v 0.535231 0.262879 -0.035723
v -0.459876 0.148978 -0.021276
v -0.506606 0.166608 0.005348
v -0.472591 0.158012 0.016689
v 0.714637 0.135731 0.065988
v -0.558933 0.132124 0.025666
v -0.524918 0.123520 0.037010
v -0.501828 0.211094 0.010729
v -0.580314 0.159363 0.041207
v -0.546299 0.150767 0.052552
v -0.467813 0.202490 0.022070
v -0.397722 0.176049 -0.017865
v -0.431737 0.184653 -0.029206
v -0.343740 0.073346 0.012444
v -0.332212 0.078328 0.012300
v -0.356616 0.125945 0.027443
v 0.557511 0.262879 -0.037939
v 0.580683 0.239470 -0.052153
v 0.580683 0.262879 -0.038688
v 0.447773 0.239470 -0.028863
v 0.470944 0.262879 -0.014649
v 0.655894 0.207426 -0.059278
v 0.464186 0.262879 -0.007343
v 0.433906 0.246923 0.000255
v 0.461910 0.262879 0.000255
v 0.756166 0.206735 -0.075569
v 0.508946 0.278997 -0.004425
v 0.507542 0.278997 0.000255
v 0.513103 0.278997 -0.008921
v 0.481923 0.262879 -0.021380
v 0.496698 0.262879 -0.027281
v 0.519870 0.278997 -0.013070
v 0.508946 0.278997 0.004935
v 0.580683 0.278997 -0.023725
v 0.566411 0.278997 -0.023264
v 0.528959 0.278997 -0.016703
v 0.540045 0.278997 -0.019683
v 0.552688 0.278997 -0.021900
v 0.441375 0.094407 -0.068104
v 0.441375 0.052278 -0.068104
v 0.368027 0.058287 -0.085659
v 1.523193 -0.006193 0.009010
v 1.317852 0.111638 0.004961
v 0.484721 0.052278 -0.075702
v 0.531766 0.052278 -0.080382
v 0.484721 0.094407 -0.075702
v 0.580683 0.052278 -0.081960
v 0.580683 0.094407 -0.081960
v 1.467788 0.177408 0.031714
v 0.488411 0.010962 -0.072784
v 0.533638 0.010962 -0.077280
v 1.357041 0.111638 0.011614
v 1.349600 0.118508 0.004242
v 1.366778 0.111638 0.008948
v 1.345568 0.111638 0.012547
v 1.345568 0.118508 0.004574
v 0.580683 0.010962 -0.078800
v 0.446729 0.010962 -0.065478
v 1.335832 0.118508 0.001907
v 1.355296 0.118508 0.001907
v 1.341537 0.118508 0.004242
v 1.334086 0.111638 0.011614
v 0.372193 0.094407 -0.045422
v 0.349022 0.094407 -0.031208
v 0.349022 0.052278 -0.031208
v 1.324358 0.111638 0.008948
v 0.789173 0.094407 0.045932
v 1.373275 0.111638 0.004961
v 0.691582 0.259410 0.069683
v 1.446029 0.144872 0.018839
v 1.422111 0.131947 0.033171
v 0.624029 0.174652 0.071712
v 0.627719 0.135731 0.077790
v 0.672946 0.135731 0.073294
v 0.704135 0.174652 0.060835
v 0.713800 0.174652 0.058235
v 0.618675 0.209682 0.062890
v 0.653311 0.209682 0.059445
v 0.657423 0.215692 0.075071
v 0.851866 0.137872 0.136360
v 0.858894 0.115138 0.101253
v 0.886034 0.181598 0.130972
v 1.443869 0.164482 0.046046
v 1.466258 0.072349 0.033134
v 0.827399 0.092020 0.013683
v 0.826607 0.094407 0.016294
v 0.827372 0.097109 0.011677
v 1.304093 0.098928 0.007295
v 1.313821 0.098928 0.013266
v 1.308125 0.082326 0.015601
v 1.296643 0.082326 0.008560
v 1.295527 0.084690 0.003899
v 1.295194 0.083002 0.004898
v 1.295374 0.086732 0.001535
v 0.874471 0.104339 0.003216
v 1.294996 0.082326 0.005167
v 1.295257 0.080929 0.005713
v 1.325303 0.082326 0.020307
v 1.325303 0.064359 0.020307
v 1.328381 0.098928 0.017253
v 1.296643 0.064359 0.008560
v 1.295257 0.065755 0.005713
v 1.295554 0.068119 0.006314
v 1.294996 0.064359 0.005167
v 1.308125 0.064359 0.015601
v 1.295761 0.072011 0.006746
v 1.295554 0.078565 0.006314
v 1.295527 0.061995 0.003899
v 1.304093 0.047757 0.007295
v 1.295374 0.059953 0.001535
v 1.313821 0.047757 0.013266
v 1.317852 0.035054 0.004961
v 1.324358 0.035054 0.008948
v 1.295194 0.063683 0.004898
v 1.213918 -0.041445 0.033344
v 1.256950 -0.014620 0.036878
v 1.394485 0.082326 0.008560
v 1.387043 0.098928 0.007295
v 1.362747 0.098928 0.017253
v 1.377307 0.098928 0.013266
v 1.345568 0.098928 0.018655
v 1.345568 0.082326 0.021959
v 1.345568 0.064359 0.021959
v 1.383012 0.082326 0.015601
v 1.365833 0.082326 0.020307
v 1.365833 0.064359 0.020307
v 1.383012 0.064359 0.015601
v 1.362747 0.047757 0.017253
v 1.345568 0.047757 0.018655
v 1.394485 0.064359 0.008560
v 1.510082 0.075089 0.045987
v 1.334086 0.035054 0.011614
v 1.345568 0.035054 0.012547
v 1.341537 0.028177 0.004242
v 1.366778 0.035054 0.008948
v 1.349600 0.028177 0.004242
v 1.357041 0.035054 0.011614
v 1.345568 0.028177 0.004574
v 1.355296 0.028177 0.001907
v 1.335832 0.028177 0.001907
v 1.377307 0.047757 0.013266
v 1.373275 0.035054 0.004961
v 1.387043 0.047757 0.007295
v 1.328381 0.047757 0.017253
v 1.459050 0.009549 0.018035
v 1.499274 -0.019118 0.023339
v 1.188038 0.049231 0.065910
v 1.188452 0.032545 0.094305
v 1.118586 0.135055 0.057516
v 1.244954 -0.086499 0.048834
v 1.287986 -0.059674 0.052368
v 1.490177 0.085274 0.018802
v 1.534000 0.088014 0.031659
v 0.827129 0.101300 0.009232
v 0.863304 0.096027 0.011153
v 0.827246 0.104400 0.006436
v 0.372193 0.052278 -0.045422
v 0.827714 0.106296 0.003404
v 0.403373 0.052278 -0.057881
v 0.828515 0.106910 0.000255
v 0.075049 0.079640 -0.014951
v 0.335857 0.080477 -0.016980
v 0.334921 0.087331 -0.015973
v 0.334750 0.094407 -0.015785
v 0.864977 0.099956 0.008800
v 0.871078 0.104807 0.001630
v 0.863133 0.095298 0.011448
v -0.813244 0.035062 -0.007188
v -0.837459 0.009557 -0.016744
v 0.812344 0.094407 0.031718
v 0.826940 0.086210 0.015184
v 0.826670 0.079909 0.016110
v 0.812344 0.052278 0.031718
v 0.826607 0.070652 0.016294
v 0.826607 0.052278 0.016294
v 0.826607 0.076033 0.016294
v 0.827399 0.054672 0.013683
v 0.827372 0.049576 0.011677
v 0.817158 0.010962 0.015678
v 0.826940 0.060475 0.015184
v 0.334228 0.094407 -0.014044
v 0.334318 0.093647 -0.014346
v 0.757983 0.052278 0.058390
v 0.757983 0.094407 0.058390
v 0.789173 0.052278 0.045932
v 0.751171 0.010962 0.056155
v 0.719991 0.052278 0.068614
v 0.719991 0.094407 0.068614
v 0.334912 0.107110 -0.006465
v 0.334777 0.099189 -0.012163
v 0.335038 0.103740 -0.009504
v 0.333535 0.109873 0.000255
v 0.713575 0.153161 -0.105929
v 0.827246 0.042284 0.006436
v 0.827714 0.040389 0.003404
v 0.827129 0.045385 0.009232
v 0.821793 0.010962 0.000255
v 0.828515 0.039782 0.000255
v 0.781155 0.010962 0.044176
v 0.803436 0.010962 0.030508
v 0.785978 -0.027967 0.028137
v 0.676636 0.094407 0.076211
v 0.629600 0.094407 0.080891
v 0.580683 0.094407 0.082470
v 0.676636 0.052278 0.076211
v 0.629600 0.052278 0.080891
v 0.714637 0.010962 0.065988
v 0.672946 0.010962 0.073294
v 0.627719 0.010962 0.077790
v 0.580683 0.052278 0.082470
v 0.793339 0.088398 0.086169
v 0.607769 -0.012893 0.161255
v 0.598212 0.017532 0.119668
v 0.810850 0.032660 0.076078
v 0.872905 0.099680 0.008708
v 0.865022 0.095973 0.011131
v 0.615724 -0.038198 0.109577
v 0.665720 -0.027967 0.067566
v 0.688892 -0.062997 0.053352
v 0.655219 -0.062997 0.059253
v 0.608669 -0.132313 0.022409
v 0.594946 -0.132313 0.023774
v 0.603854 -0.116194 0.038449
v 0.641496 -0.132313 0.013580
v 0.632398 -0.132313 0.017213
v 0.621312 -0.132313 0.020193
v 0.648254 -0.132313 0.009431
v 0.652420 -0.132313 0.004935
v 0.664667 -0.116194 0.027790
v 0.679434 -0.116194 0.021889
v 0.713584 -0.092785 0.029372
v 0.690412 -0.116194 0.015158
v 0.728360 -0.092785 0.020311
v 0.697170 -0.116194 0.007852
v 0.653824 -0.132313 0.000255
v 0.699456 -0.116194 0.000255
v 0.669482 -0.092785 0.043830
v 0.646670 -0.116194 0.032636
v 0.641847 -0.092785 0.048676
v 0.276933 0.037748 0.000255
v 0.285086 0.035653 0.005300
v 0.287129 0.038094 0.002781
v 0.147848 0.042530 0.125624
v 0.147852 0.042534 0.125624
v 0.356446 0.154551 0.110765
v 0.208103 0.019880 0.089591
v 0.162102 0.056576 0.089839
v 0.060480 -0.114091 0.066618
v 0.193849 0.005835 0.125377
v 0.014479 -0.077388 0.066865
v 0.278238 0.162802 0.079405
v 0.437973 0.247644 0.009563
v 0.444362 0.246477 0.018769
v 0.696541 0.170377 -0.091807
v 0.451696 0.243898 0.026403
v 0.375388 0.174652 0.028137
v 0.362736 0.174652 0.014469
v 0.385025 0.187976 0.026827
v 0.695155 0.093517 -0.113597
v 0.729314 0.137235 -0.118989
v 0.657810 0.135731 -0.074289
v 0.647831 0.141372 -0.074348
v 0.627719 0.135731 -0.077280
v 0.592372 0.149232 -0.076273
v 0.594181 0.166240 -0.073507
v 0.723483 0.174652 -0.055118
v 0.698529 0.187524 -0.057575
v 0.629600 0.094407 -0.080382
v 0.676636 0.094407 -0.075702
v 0.673711 0.127165 -0.073389
v 0.823161 0.245103 -0.104978
v -0.775603 0.017854 0.001981
v -0.755140 0.023004 -0.009899
v -0.792781 0.040212 -0.019067
v -0.772939 -0.019939 -0.001025
v 0.011635 0.055993 -0.012222
v 0.008558 0.067260 -0.014435
v -0.752467 -0.014789 -0.012908
v -0.691699 0.008851 0.007041
v 0.335857 0.066208 -0.016980
v 0.335855 0.066208 -0.016980
v 0.334921 0.059354 -0.015973
v 0.334750 0.058633 -0.015785
v 0.334750 0.052278 -0.015785
v -0.587207 0.051165 0.055716
v -0.552193 0.057121 0.039120
v 0.336172 0.073346 -0.017319
v 0.075922 0.073346 -0.015257
v -0.586199 0.065725 0.027779
v -0.621222 0.059769 0.044375
v -0.572449 0.006310 0.010445
v -0.538434 -0.002293 0.021786
v 0.301122 0.054857 -0.014512
v 0.334228 0.052278 -0.014044
v 0.300969 0.053345 -0.014125
v -0.316788 0.048026 0.002674
v -0.721233 0.131978 0.029136
v -0.700770 0.137128 0.017253
v -0.724985 0.111623 0.007697
v 0.384647 0.182658 0.029479
v 0.387140 0.195529 0.022461
v 0.380103 0.197248 0.013336
v 0.773668 0.150997 -0.085659
v 0.737601 0.147259 -0.091398
v 0.296155 0.053391 -0.014092
v 0.876271 0.111032 -0.004791
v 0.410185 0.010962 -0.055646
v 0.395923 0.174652 0.040732
v 0.423558 0.174652 0.051774
v 0.410185 0.135731 0.056155
v 0.418734 0.209682 0.035734
v 0.442959 0.209682 0.045412
v 0.414397 0.209682 0.033071
v 0.380202 0.010962 -0.043667
v 0.357921 0.010962 -0.029999
v 0.334912 0.039575 -0.006465
v 0.295480 0.040174 -0.006347
v 0.334408 0.037503 -0.003171
v 0.777582 0.126175 -0.088318
v 0.334777 0.047496 -0.012163
v 0.299700 0.047910 -0.011968
v 0.335038 0.042952 -0.009504
v 0.344198 0.010962 -0.015169
v 0.297846 0.043459 -0.009338
v 0.641847 0.239470 -0.048166
v 0.646670 0.262879 -0.032127
v 0.626135 0.262879 -0.035723
v 0.357921 0.135731 0.030508
v 0.380202 0.135731 0.044176
v 0.372193 0.094407 0.045932
v 0.603854 0.262879 -0.037939
v 0.608669 0.278997 -0.021900
v 0.594946 0.278997 -0.023264
v 0.344198 0.135731 0.015678
v 0.334408 0.109182 0.003681
v 0.669482 0.239470 -0.043320
v 0.688892 0.209682 -0.052843
v 0.693706 0.239470 -0.036803
v 0.655453 0.211931 -0.057729
v 0.659088 0.209682 -0.058065
v 0.334912 0.107110 0.006974
v 0.339564 0.010962 0.000255
v 0.333535 0.036812 0.000255
v 0.611863 0.239470 -0.051146
v 0.324239 0.126106 0.079158
v 0.542682 -0.062997 -0.062380
v 0.537327 -0.027967 -0.071202
v 0.506147 -0.062997 -0.058744
v 0.464186 0.262879 0.007852
v 0.641496 0.278997 -0.013070
v 0.679434 0.262879 -0.021380
v 0.648254 0.278997 -0.008921
v 0.457230 -0.027967 -0.060326
v 0.423558 -0.027967 -0.051264
v 0.652420 0.278997 -0.004425
v 0.513103 0.278997 0.009431
v 0.470944 0.262879 0.015158
v 0.632398 0.278997 -0.016703
v 0.580683 -0.027967 -0.072604
v 0.580683 -0.062997 -0.063605
v 0.621312 0.278997 -0.019683
v 0.495646 -0.027967 -0.067057
v 0.418734 -0.062997 -0.035225
v 0.442959 -0.062997 -0.044902
v 0.395923 -0.027967 -0.040222
v 0.481923 0.262879 0.021889
v 0.519870 0.278997 0.013580
v 0.496698 0.262879 0.027790
v 0.447773 0.239470 0.029372
v 0.446927 0.239470 0.028849
v 0.375388 -0.027967 -0.027627
v 0.362736 -0.027967 -0.013959
v 0.389651 -0.062997 -0.012204
v 0.400737 -0.062997 -0.024183
v 0.697170 0.262879 -0.007343
v 0.690412 0.262879 -0.014649
v 0.728360 0.239470 -0.019801
v 0.433006 -0.092785 -0.019801
v 0.580683 0.278997 0.024235
v 0.385907 -0.062997 0.000255
v 0.358470 -0.027967 0.000255
v 0.566411 0.278997 0.023774
v 0.552688 0.278997 0.022409
v 0.302598 -0.020077 -0.004791
v 0.289604 0.037541 0.000255
v 0.528959 0.278997 0.017213
v 0.540045 0.278997 0.020193
v 0.470944 -0.116194 -0.014649
v 0.447773 -0.092785 -0.028863
v 0.420840 -0.092785 0.000255
v 0.423908 -0.092785 -0.009969
v 0.491875 0.239470 0.043830
v 0.514696 0.262879 0.032636
v 0.467651 0.239470 0.037313
v 0.467651 -0.092785 -0.036803
v 0.472474 -0.062997 -0.052843
v 0.453010 0.244950 0.031349
v 0.580683 0.262879 0.039197
v 0.491875 -0.092785 -0.043320
v 0.496698 -0.116194 -0.027281
v 0.514696 -0.116194 -0.032127
v 0.557511 0.262879 0.038449
v 0.519510 -0.092785 -0.048166
v 0.549494 0.239470 0.051656
v 0.535231 0.262879 0.036232
v 0.519510 0.239470 0.048676
v -0.710695 0.080999 0.008763
v -0.740157 0.031647 0.013620
v -0.712162 0.003701 0.018924
v 0.457230 0.174652 0.060835
v 0.506147 0.209682 0.059253
v 0.472474 0.209682 0.053352
v -0.317283 0.083217 0.011710
v -0.710362 0.080738 0.008833
v -0.711649 0.065955 0.008826
v -0.708113 0.073277 0.009556
v -0.709795 0.077115 0.009368
v -0.707204 0.077123 0.009386
v -0.727667 0.068357 0.020908
v -0.710165 0.069570 0.009364
v -0.712360 0.058341 0.006016
v -0.712495 0.062624 0.007963
v 0.611863 -0.092785 0.051656
v 0.626135 -0.116194 0.036232
v 0.693706 -0.092785 0.037313
v 0.718407 -0.062997 0.045412
v -0.355042 0.059001 0.010179
v -0.710030 0.059669 0.006823
v -0.705107 0.065917 0.008874
v -0.704513 0.069555 0.009409
v -0.670282 0.071781 0.019536
v -0.690745 0.066630 0.031415
v -0.705224 0.073346 0.009582
v 0.580683 -0.116194 -0.038688
v 0.335038 0.103740 0.010013
v -0.291295 0.089495 0.010117
v 0.310435 0.191246 0.111016
v -0.351550 0.068419 0.012149
v 0.446729 0.135731 0.065988
v 0.441375 0.094407 0.068614
v 0.664667 0.262879 -0.027281
v 0.713584 0.239470 -0.028863
v 0.718407 0.209682 -0.044902
v 0.580683 0.174652 0.073113
v 0.580683 0.209682 0.064114
v 0.542682 0.209682 0.062890
v 0.537327 0.174652 0.071712
v 0.495646 0.174652 0.067566
v 0.655219 0.209682 -0.058744
v 0.580683 0.135731 0.079309
v -0.291844 0.112974 0.016169
v 0.533638 0.135731 0.077790
v 0.488411 0.135731 0.073294
v -0.355132 0.063706 0.011433
v -0.355159 0.064082 0.011489
v 0.334228 0.094407 0.014553
v -0.351370 0.055494 0.008833
v -0.331816 0.049722 0.004957
v 0.334921 0.087331 0.016482
v 0.349022 0.094407 0.031718
v 0.335857 0.080477 0.017489
v 0.334750 0.088052 0.016294
v 0.334750 0.094407 0.016294
v 0.334318 0.093647 0.014856
v -0.353458 -0.008610 -0.007258
v -0.339627 -0.029479 0.011636
v -0.342786 0.105076 0.046337
v -0.222645 0.214932 0.059578
v 0.742623 0.209682 -0.035225
v 0.735145 0.169088 -0.053119
v 0.737448 0.239470 -0.009969
v 0.336172 0.073346 0.017829
v 0.798621 0.174652 -0.013959
v 0.771706 0.209682 -0.012204
v 0.760620 0.209682 -0.024183
v 0.785978 0.174652 -0.027627
v 0.334318 0.053045 0.014856
v 0.334750 0.058633 0.016294
v 0.334750 0.052278 0.016294
v 0.334228 0.052278 0.014553
v 0.765443 0.174652 -0.040222
v 0.737808 0.174652 -0.051264
v 0.349022 0.052278 0.031718
v 0.344198 0.010962 0.015678
v 0.372193 0.052278 0.045932
v 0.403373 0.094407 0.058390
v 0.403373 0.052278 0.058390
v 0.334921 0.059354 0.016482
v 0.335857 0.066208 0.017489
v 0.751171 0.135731 -0.055646
v 0.557511 -0.116194 -0.037939
v 0.781155 0.135731 -0.043667
v 0.535231 -0.116194 -0.035723
v 0.731473 0.135731 -0.060945
v 0.580683 -0.092785 -0.052153
v 0.549494 -0.092785 -0.051146
v -0.566573 -0.037960 0.029715
v -0.491713 -0.019924 -0.004838
v -0.525719 -0.011320 -0.016179
v -0.600588 -0.029364 0.018374
v -0.049574 0.235732 0.043605
v -0.075031 0.182558 0.033171
v 0.464186 -0.116194 -0.007343
v 0.061200 0.176164 -0.011127
v -0.063404 0.256601 0.024710
v 0.481923 -0.116194 -0.021380
v -0.194839 0.168159 0.044232
v -0.208670 0.189028 0.025337
v -0.088862 0.203427 0.014277
v 0.461910 -0.116194 0.000255
v -0.236476 0.235801 0.040684
v 0.334408 0.037503 0.003681
v 0.817158 0.135731 -0.015169
v 0.827714 0.106296 -0.002895
v -0.290692 0.087922 0.010740
v 0.742623 -0.062997 0.035734
v -0.286571 0.051464 0.007277
v 0.335038 0.042952 0.010013
v 0.334912 0.039575 0.006974
v -0.287381 0.049046 0.005090
v 0.334777 0.047496 0.012673
v -0.285959 0.063269 0.011939
v -0.286382 0.068212 0.012654
v 0.798621 -0.027967 0.014469
v 0.771706 -0.062997 0.012713
v 0.760620 -0.062997 0.024692
v 0.775450 -0.062997 0.000255
v 0.802887 -0.027967 0.000255
v 0.765443 -0.027967 0.040732
v 0.737808 -0.027967 0.051774
v -0.278013 0.092105 0.035063
v -0.287102 0.073346 0.012894
v 0.737448 -0.092785 0.010478
v -0.288092 0.078473 0.012643
v 0.740526 -0.092785 0.000255
v -0.289298 0.083393 0.011917
v 0.704135 -0.027967 0.060835
v 0.624029 -0.027967 0.071712
v 0.618675 -0.062997 0.062890
v 0.803436 0.135731 -0.029999
v 0.625280 -0.068631 0.151164
v 0.405200 -0.060050 0.076078
v 0.718641 0.104800 -0.067444
v 0.629600 0.052278 -0.080382
v 0.676636 0.052278 -0.075702
v 0.963072 0.190601 0.005300
v 0.719991 0.094407 -0.068104
v 0.719991 0.052278 -0.068104
v 1.046237 0.165764 0.013082
v 1.045103 0.129690 0.078649
v 1.002756 0.212798 0.019569
v 0.723446 0.102650 -0.066363
v 0.743415 0.082449 -0.082926
v 1.089269 0.192589 0.016615
v 1.088126 0.156523 0.082182
v 1.045787 0.239631 0.023102
v 0.876055 0.102482 0.006052
v 0.980574 0.134871 -0.004791
v 0.357921 0.010962 0.030508
v 0.410185 0.010962 0.056155
v 0.395923 -0.027967 0.040732
v 0.380202 0.010962 0.044176
v 0.441375 0.052278 0.068614
v 0.446729 0.010962 0.065988
v 0.484721 0.094407 0.076211
v 0.387689 -0.004312 0.086169
v 0.423558 -0.027967 0.051774
v 0.531766 0.052278 0.080891
v 0.531766 0.094407 0.080891
v 0.484721 0.052278 0.076211
v 0.488411 0.010962 0.073294
v 0.457230 -0.027967 0.060835
v 0.418734 -0.062997 0.035734
v 0.400737 -0.062997 0.024692
v 0.375388 -0.027967 0.028137
v 0.389651 -0.062997 0.012713
v 0.362736 -0.027967 0.014469
v 0.423908 -0.092785 0.010478
v 0.433006 -0.092785 0.020311
v 0.447773 -0.092785 0.029372
v 0.491875 -0.092785 0.043830
v 0.472474 -0.062997 0.053352
v 0.442959 -0.062997 0.045412
v 0.481923 -0.116194 0.021889
v 0.467651 -0.092785 0.037313
v 0.496698 -0.116194 0.027790
v 0.470944 -0.116194 0.015158
v 0.513103 -0.132313 0.009431
v 0.464186 -0.116194 0.007852
v 0.508946 -0.132313 0.004935
v 0.580683 -0.132313 0.024235
v 0.566411 -0.132313 0.023774
v 0.552688 -0.132313 0.022409
v 0.540045 -0.132313 0.020193
v 0.528959 -0.132313 0.017213
v 0.580683 -0.116194 0.039197
v 0.519870 -0.132313 0.013580
v 0.514696 -0.116194 0.032636
v 0.714637 0.010962 -0.065478
v 0.672946 0.010962 -0.072784
v 0.627719 0.010962 -0.077280
v 0.757983 0.052278 -0.057881
v 0.898209 -0.012172 -0.095352
v 0.757983 0.094407 -0.057881
v 0.932377 0.031547 -0.100744
v 0.939396 0.008813 -0.135851
v 0.812344 0.094407 -0.031208
v 0.789173 0.094407 -0.045422
v 0.789173 0.052278 -0.045422
v 0.812344 0.052278 -0.031208
v 0.826670 0.079909 -0.015600
v 0.826940 0.086210 -0.014675
v 0.826607 0.094407 -0.015785
v 0.827399 0.092020 -0.013174
v 0.827246 0.104400 -0.005926
v 0.827129 0.101300 -0.008722
v 0.827372 0.097109 -0.011167
v 0.827399 0.054672 -0.013174
v 0.826607 0.052278 -0.015785
v 0.827372 0.049576 -0.011167
v 0.826607 0.076033 -0.015785
v 0.826607 0.070652 -0.015785
v 0.826940 0.060475 -0.014675
v 0.827714 0.040389 -0.002895
v 0.827129 0.045385 -0.008722
v 0.827246 0.042284 -0.005926
v 0.827129 0.045385 -0.008722
v 0.817158 0.010962 -0.015169
v 0.803436 0.010962 -0.029999
v 0.781155 0.010962 -0.043667
v 0.751171 0.010962 -0.055646
v 0.765443 -0.027967 -0.040222
v 0.618675 -0.062997 -0.062380
v 0.624029 -0.027967 -0.071202
v 0.704135 -0.027967 -0.060326
v 0.665720 -0.027967 -0.067057
v 0.718407 -0.062997 -0.044902
v 0.688892 -0.062997 -0.052843
v 0.655219 -0.062997 -0.058744
v 0.737808 -0.027967 -0.051264
v 0.594946 -0.132313 -0.023264
v 0.603854 -0.116194 -0.037939
v 0.646670 -0.116194 -0.032127
v 0.641847 -0.092785 -0.048166
v 0.626135 -0.116194 -0.035723
v 0.669482 -0.092785 -0.043320
v 0.611863 -0.092785 -0.051146
v 0.693706 -0.092785 -0.036803
v 0.652420 -0.132313 -0.004425
v 0.648254 -0.132313 -0.008921
v 0.641496 -0.132313 -0.013070
v -0.719694 0.036797 0.001737
v -0.425861 0.140382 -0.009935
v -0.411103 0.095520 -0.055207
v -0.446126 0.089564 -0.038610
v 0.008970 0.103925 -0.002670
v -0.473392 0.023165 -0.036501
v -0.439386 0.014561 -0.025156
v -0.452011 -0.004074 -0.052042
v -0.412111 0.080960 -0.027269
v -0.377088 0.086924 -0.043866
v -0.417996 -0.012678 -0.040698
v -0.530497 -0.055805 -0.021560
v -0.496492 -0.064409 -0.010219
v -0.285851 0.058717 0.010773
v -0.286058 0.054734 0.009198
v -0.002592 0.147735 -0.010529
v 0.007721 0.102129 -0.005477
v 0.006776 0.099243 -0.008058
v 0.005930 0.090639 -0.012181
v -0.288434 0.047565 0.002718
v 0.280785 0.048125 -0.011861
v 0.632398 -0.132313 -0.016703
v 0.621312 -0.132313 -0.019683
v 0.608669 -0.132313 -0.021900
v 0.664667 -0.116194 -0.027281
v 0.697170 -0.116194 -0.007343
v 0.690412 -0.116194 -0.014649
v 0.679434 -0.116194 -0.021380
v 0.737448 -0.092785 -0.009969
v 0.728360 -0.092785 -0.019801
v 0.713584 -0.092785 -0.028863
v 0.293626 0.104163 -0.125115
v 0.798621 -0.027967 -0.013959
v 0.771706 -0.062997 -0.012204
v 0.785978 -0.027967 -0.027627
v 0.760620 -0.062997 -0.024183
v 0.006065 0.085258 -0.013565
v 0.008972 0.103925 -0.002670
v 0.233362 0.126812 -0.089082
v 0.074653 0.096157 -0.010706
v 0.075274 0.100179 -0.008361
v 0.064358 0.041609 -0.045828
v 0.076255 0.103180 -0.005672
v 0.085028 -0.007866 -0.110255
v 0.117225 0.020579 -0.078648
v 0.260124 0.072510 -0.087599
v 0.261474 0.104393 -0.089233
v 0.257055 0.103180 -0.088975
v 0.278913 0.090309 -0.110115
v -0.000405 0.054588 -0.034553
v 0.006560 0.079417 -0.014420
v 0.007397 0.073346 -0.014715
v 0.009989 0.061404 -0.013594
v 0.055522 0.104677 -0.002740
v 0.012985 0.052439 -0.010832
v 0.013426 0.033719 -0.015659
v 0.074401 0.091268 -0.012635
v 0.076255 0.103172 -0.005683
v 0.078189 0.020740 -0.026934
v 0.077100 0.067122 -0.014973
v 0.074536 0.085688 -0.014066
v 0.032368 0.055808 -0.012359
v 0.076903 0.067045 -0.014966
v 0.056197 0.061112 -0.013933
v 0.742623 -0.062997 -0.035225
v 1.043196 0.206359 -0.051858
v 1.086227 0.233191 -0.048325
v 1.117263 0.188130 -0.032835
v 1.074241 0.161305 -0.036368
v 0.292690 0.038178 -0.003105
v 0.407357 0.266066 -0.004367
v 0.407639 0.266767 -0.007670
v 0.405452 0.266861 -0.008112
v 0.405346 0.266599 -0.006877
v 0.407702 0.266922 -0.008401
v 0.405678 0.266928 -0.008431
v 0.405476 0.266921 -0.008395
v 0.408289 0.265820 -0.003204
v 0.401872 0.267518 -0.011211
v 0.414113 0.272474 0.023318
v 0.414113 0.273844 0.026541
v 0.414113 0.271050 0.019978
v 0.414113 0.274957 0.029157
v 0.410923 0.265123 0.000083
v 0.414113 0.267667 0.012028
v 0.392488 0.270001 -0.022921
v 0.414113 0.275644 0.030771
v 0.390795 0.267461 0.011059
v 0.390795 0.268210 -0.014473
v 0.399695 0.275007 0.030505
v 0.394204 0.270194 0.023886
v 0.414113 0.275978 0.031558
v 0.414113 0.275825 0.031630
v 0.403199 0.278079 0.034729
v 0.407694 0.266903 -0.008312
v 0.405479 0.266929 -0.008434
vn -0.9852 0.1714 -0.0000
vn -0.0000 1.0000 -0.0000
vn -0.0000 0.1714 0.9852
vn -0.0000 0.1714 -0.9852
vn 0.9852 0.1714 -0.0000
vn -0.0000 -0.1050 -0.9945
vn -0.0000 -0.5004 -0.8658
vn -0.0000 -0.8093 -0.5874
vn -0.0000 -0.9782 -0.2075
vn -0.0000 -0.9781 0.2084
vn -0.0000 -0.8087 0.5882
vn -0.0000 -0.4996 0.8663
vn -0.0000 -0.1041 0.9946
vn -0.0000 0.3095 0.9509
vn -0.0000 0.6695 0.7428
vn -0.0000 0.9137 0.4063
vn -0.0000 1.0000 -0.0005
vn -0.0000 0.9134 -0.4072
vn 1.0000 -0.0000 -0.0000
vn -0.0000 0.6688 -0.7435
vn -0.0000 0.3086 -0.9512
vn -1.0000 -0.0000 -0.0000
vn -0.0000 0.1050 0.9945
vn -0.0000 0.5004 0.8658
vn -0.0000 0.8093 0.5874
vn -0.0000 0.9782 0.2075
vn -0.0000 0.9781 -0.2084
vn -0.0000 0.8087 -0.5882
vn -0.0000 0.4996 -0.8663
vn -0.0000 0.1041 -0.9946
vn -0.0000 -0.3095 -0.9509
vn -0.0000 -0.6695 -0.7428
vn -0.0000 -0.9137 -0.4063
vn -0.0000 -1.0000 0.0005
vn -0.0000 -0.9134 0.4072
vn -0.0000 -0.6688 0.7435
vn -0.0000 -0.3086 0.9512
vn 0.1784 -0.7748 -0.6065
vn 0.4483 0.7886 -0.4208
vn 0.4483 0.7885 -0.4210
vn 0.1047 0.0408 0.9937
vn 0.1045 0.0401 0.9937
vn -0.7205 -0.1031 -0.6857
vn -0.7222 -0.1031 -0.6840
vn -0.4482 -0.7886 0.4210
vn 0.4483 0.7886 -0.4210
vn 0.4554 -0.2504 0.8544
vn 0.7119 0.6100 0.3479
vn -0.4553 0.2505 -0.8544
vn 0.7190 -0.6041 -0.3436
vn 0.7190 -0.6042 -0.3436
vn 0.3286 -0.9309 0.1593
vn 0.3285 -0.9309 0.1596
vn 0.4743 -0.8803 -0.0023
vn -0.4744 0.8803 0.0024
vn -0.0000 -1.0000 -0.0000
vn -0.0530 -0.7566 0.6518
vn 0.0529 -0.7567 0.6516
vn 0.0537 -0.7565 0.6518
vn -0.0536 -0.7570 0.6512
vn 0.2024 -0.8451 0.4947
vn 0.2596 -0.8678 0.4237
vn 0.1595 -0.7975 0.5819
vn -0.1594 -0.7974 0.5821
vn -0.3286 -0.9309 0.1593
vn -0.3285 -0.9309 0.1596
vn -0.2597 -0.8680 0.4233
vn -0.2026 -0.8453 0.4943
vn 1.0000 -0.0001 -0.0000
vn 1.0000 0.0004 -0.0000
vn -0.0946 0.0207 0.9953
vn 1.0000 -0.0026 -0.0000
vn 1.0000 0.0007 -0.0000
vn 0.1766 -0.7737 -0.6085
vn 0.1774 -0.7753 -0.6061
vn -0.6737 0.7387 0.0216
vn 0.0280 0.4984 -0.8665
vn -0.1914 0.2660 0.9448
vn -0.5906 -0.7426 0.3159
vn -0.5906 -0.7425 0.3160
vn -0.3261 -0.4029 -0.8552
vn 0.0850 0.5116 -0.8550
vn 0.0851 0.5115 -0.8550
vn 0.2071 -0.1109 0.9720
vn -0.1316 -0.2167 0.9673
vn -0.0000 -0.0000 1.0000
vn -0.1770 0.7744 0.6075
vn 0.6603 0.3297 -0.6748
vn -0.1770 0.7744 0.6074
vn -0.1775 0.7746 0.6070
vn -0.1316 -0.2161 0.9675
vn 0.0312 0.2487 -0.9681
vn 0.0956 0.2569 -0.9617
vn 0.2072 -0.1109 0.9720
vn -0.1314 -0.2165 0.9674
vn 0.0313 0.2486 -0.9681
vn 0.0301 0.3587 -0.9330
vn 0.0319 0.1571 -0.9871
vn -0.8689 -0.1428 0.4740
vn 0.1185 -0.2453 0.9622
vn 0.1384 0.9643 0.2257
vn -0.1938 -0.2494 0.9488
vn -0.1940 -0.2493 0.9488
vn 0.1768 -0.7742 -0.6078
vn 0.1434 0.9666 0.2125
vn 0.1655 0.9850 0.0496
vn 0.1564 0.9771 0.1446
vn 0.0473 0.9044 0.4241
vn 0.1231 0.9434 0.3081
vn -0.1938 -0.2490 0.9489
vn 0.0994 0.9238 0.3697
vn 0.2071 -0.1108 0.9720
vn 0.0717 0.9096 0.4092
vn 0.0147 0.8898 0.4560
vn 0.0429 0.9010 0.4316
vn 0.1770 -0.7745 -0.6073
vn -0.1184 0.2454 -0.9622
vn -0.1183 0.2455 -0.9622
vn 0.8684 0.1427 -0.4748
vn 0.0161 -0.9791 -0.2026
vn 0.0162 -0.9999 -0.0000
vn -0.2646 -0.1966 0.9441
vn 0.5939 -0.2519 0.7641
vn -0.5939 0.2519 -0.7641
vn 0.2647 0.1966 -0.9441
vn 0.6191 -0.7254 0.3007
vn 0.4240 -0.5858 0.6907
vn 0.4234 -0.5858 0.6910
vn 0.2317 -0.4797 0.8463
vn 0.8989 0.0015 0.4382
vn 0.8247 -0.4008 0.3990
vn 0.8244 -0.4005 0.4001
vn 0.8997 -0.0026 0.4366
vn 0.8243 -0.4003 0.4004
vn 0.8239 -0.4000 0.4014
vn 0.8238 -0.4001 0.4016
vn 0.8245 -0.4008 0.3995
vn 0.5012 -0.2868 0.8165
vn 0.2576 -0.2207 0.9407
vn 0.5007 -0.2870 0.8166
vn 0.5227 -0.0000 0.8525
vn 0.2642 -0.0000 0.9645
vn 0.0088 -0.2871 0.9579
vn -0.2767 -0.0958 0.9562
vn -0.2767 -0.0956 0.9562
vn 0.8997 0.0026 0.4366
vn 0.9001 0.0004 0.4356
vn 0.8989 -0.0015 0.4382
vn -0.3182 0.9374 -0.1417
vn 0.3182 -0.9374 0.1416
vn 0.1845 0.7451 0.6409
vn 0.8994 -0.0000 0.4371
vn 0.9000 -0.0003 0.4359
vn 0.5348 -0.3359 0.7753
vn -0.2766 -0.0957 0.9562
vn 0.5007 0.2870 0.8166
vn 0.8244 0.4005 0.4001
vn -0.2646 -0.1965 0.9441
vn -0.7118 -0.6101 -0.3480
vn -0.5346 0.3359 -0.7754
vn 0.0947 -0.0207 -0.9953
vn 0.2767 0.0957 -0.9562
vn 0.7118 0.6100 0.3480
vn -0.5327 0.3337 -0.7777
vn 0.6189 0.7256 0.3006
vn 0.0088 -0.2707 0.9626
vn 0.4233 0.5861 0.6909
vn 0.4239 0.5861 0.6906
vn 0.8245 0.4008 0.3995
vn 0.8247 0.4008 0.3990
vn 0.5346 -0.3360 0.7755
vn 0.8239 0.4000 0.4014
vn 0.8238 0.4001 0.4016
vn 0.8243 0.4003 0.4004
vn 0.5012 0.2868 0.8165
vn 0.0301 -0.3587 0.9330
vn 0.3350 -0.4265 -0.8402
vn 0.2317 0.4799 0.8462
vn -0.3779 -0.2794 -0.8827
vn 0.4426 0.2367 0.8649
vn -0.1092 -0.0000 0.9940
vn 0.3792 -0.0000 0.9253
vn -0.0813 -0.0000 0.9967
vn 0.8369 -0.0000 0.5473
vn 0.0813 -0.0000 0.9967
vn -0.2577 -0.2209 0.9406
vn -0.2576 -0.2208 0.9407
vn -0.0798 -0.1947 0.9776
vn -0.0797 -0.1946 0.9776
vn -0.0312 -0.2487 0.9681
vn -0.0313 -0.2485 0.9681
vn 0.0312 -0.2487 0.9681
vn -0.0733 -0.4318 0.8990
vn 0.0313 -0.2485 0.9681
vn 0.0797 -0.1946 0.9776
vn 0.2577 -0.2208 0.9407
vn -0.1092 -0.0000 -0.9940
vn -0.8244 -0.4004 0.4001
vn -0.8248 -0.4002 0.3995
vn -0.5008 -0.2869 0.8166
vn -0.5010 -0.2868 0.8165
vn -0.6193 -0.7256 0.3000
vn -0.6189 -0.7256 0.3006
vn -0.1236 -0.9428 -0.3096
vn -0.4239 -0.5858 0.6908
vn -0.2318 -0.4796 0.8464
vn -0.0698 -0.9145 -0.3984
vn -0.4237 -0.5858 0.6909
vn -0.2318 -0.4795 0.8464
vn -0.0408 -0.9109 -0.4107
vn -0.0731 -0.4319 0.8989
vn 0.2320 -0.4796 0.8463
vn -0.0982 -0.9258 -0.3652
vn 0.0733 -0.4318 0.8990
vn 0.0313 -0.2486 0.9681
vn 0.0730 -0.4320 0.8989
vn 0.0312 -0.2486 0.9681
vn 0.0957 -0.2568 0.9617
vn 0.1092 -0.0000 -0.9940
vn -0.8996 -0.0000 0.4367
vn -0.1432 -0.9618 -0.2333
vn -0.1563 -0.9798 -0.1250
vn -0.5230 -0.0000 0.8523
vn -0.2642 -0.0000 0.9645
vn 0.2577 0.2208 0.9407
vn -0.2844 -0.6424 -0.7117
vn -0.2206 -0.8040 -0.5522
vn -0.3632 -0.7192 -0.5923
vn -0.3632 -0.7192 -0.5924
vn 0.3779 0.2793 0.8827
vn 0.3792 -0.0000 -0.9253
vn 0.8380 -0.0000 -0.5456
vn -0.1703 -0.7558 -0.6323
vn -0.4392 -0.8013 -0.4062
vn -0.2687 -0.8581 -0.4376
vn -0.2685 -0.8580 -0.4380
vn -0.3083 -0.9075 -0.2852
vn -0.3314 -0.9382 -0.0994
vn -0.3314 -0.9382 -0.0997
vn -0.2205 -0.8040 -0.5523
vn -0.3081 -0.9075 -0.2856
vn -0.1315 -0.2162 0.9675
vn 0.8369 -0.0000 -0.5473
vn 0.8362 -0.0001 -0.5485
vn -0.2072 0.1109 -0.9720
vn 0.1315 0.2164 -0.9674
vn -0.1770 0.7745 0.6073
vn -0.1771 0.7743 0.6075
vn -0.1758 0.7745 0.6077
vn -0.1315 -0.2164 0.9674
vn 0.2549 -0.1942 0.9473
vn 0.1700 -0.1743 0.9699
vn 0.0976 -0.1626 0.9818
vn 0.1699 -0.1743 0.9699
vn 0.0986 -0.0789 0.9920
vn 0.0299 -0.1090 0.9936
vn 0.0976 -0.1626 0.9819
vn 0.1092 -0.0000 0.9940
vn 0.0319 -0.1572 0.9871
vn -0.0313 -0.2486 0.9681
vn -0.0955 -0.2568 0.9617
vn 0.0319 -0.1573 0.9870
vn 0.0319 -0.1571 0.9871
vn 0.6737 -0.7387 -0.0216
vn -0.9964 -0.0000 -0.0852
vn 0.9964 -0.0000 0.0852
vn -0.0149 -0.0000 0.9999
vn -0.1183 0.2454 -0.9622
vn -0.5764 -0.7244 -0.3781
vn 0.0114 -0.6669 -0.7450
vn -0.1183 0.2453 -0.9622
vn 0.1183 -0.2454 0.9622
vn -0.0114 0.6670 0.7450
vn 0.1183 -0.2453 0.9622
vn 0.3260 0.4030 0.8551
vn -0.2577 0.2209 0.9406
vn -0.0798 0.1947 0.9776
vn -0.0797 0.1946 0.9776
vn 0.2576 0.2207 0.9407
vn -0.1454 -0.5388 -0.8298
vn 0.0797 0.1946 0.9776
vn -0.1455 -0.5386 -0.8299
vn -0.0851 -0.5115 -0.8551
vn -0.0850 -0.5115 -0.8550
vn -0.0280 -0.4984 -0.8665
vn -0.0731 0.4322 0.8988
vn -0.1453 -0.5387 -0.8299
vn -0.0733 0.4320 0.8989
vn -0.0714 -0.6928 -0.7176
vn 0.1596 0.7972 0.5823
vn -0.1202 -0.7181 -0.6855
vn -0.1200 -0.7181 -0.6855
vn -0.1700 -0.7557 -0.6324
vn 0.2319 0.4798 0.8462
vn 0.0730 0.4322 0.8988
vn 0.0733 0.4320 0.8989
vn -0.2115 -0.5819 -0.7853
vn -0.2028 0.8451 0.4947
vn -0.0537 0.7566 0.6516
vn -0.0530 0.7562 0.6522
vn 0.3289 0.9308 0.1597
vn 0.3289 0.9308 0.1594
vn 0.2026 0.8449 0.4951
vn -0.2845 -0.6417 -0.7122
vn 0.2598 0.8676 0.4240
vn 0.0530 0.7564 0.6520
vn 0.0537 0.7562 0.6522
vn -0.3289 0.9308 0.1594
vn -0.3289 0.9308 0.1597
vn -0.2600 0.8677 0.4236
vn -0.1595 0.7970 0.5825
vn 0.5362 -0.6786 0.5019
vn -0.6191 0.7258 0.2999
vn -0.6187 0.7259 0.3005
vn -0.4236 0.5861 0.6907
vn -0.4238 0.5861 0.6906
vn -0.5905 -0.7427 0.3157
vn -0.2317 0.4798 0.8462
vn -0.2576 0.2208 0.9407
vn -0.2318 0.4798 0.8462
vn -0.5868 -0.7484 0.3090
vn -0.8248 0.4002 0.3995
vn -0.5010 0.2868 0.8165
vn -0.8244 0.4004 0.4001
vn -0.5008 0.2869 0.8166
vn -0.5907 -0.7425 0.3159
vn -0.2647 -0.1966 0.9441
vn -0.0578 -0.6915 -0.7200
vn 0.3614 -0.2260 0.9046
vn 0.4745 -0.4194 0.7739
vn 0.7119 0.6100 0.3480
vn 0.4298 -0.5689 0.7011
vn 0.3475 -0.3504 0.8697
vn 0.3349 -0.4266 -0.8401
vn -0.7118 -0.6101 -0.3481
vn 0.3475 -0.3504 0.8698
vn 0.3779 0.2794 0.8827
vn -0.6737 0.7387 0.0215
vn -0.6738 0.7386 0.0219
vn 0.5906 0.7426 -0.3158
vn 0.5905 0.7435 -0.3138
vn -0.2113 -0.5816 -0.7855
vn -0.0919 -0.3696 -0.9246
vn -0.0920 -0.3697 -0.9246
vn -0.1587 -0.3929 -0.9058
vn -0.1660 -0.2745 -0.9472
vn -0.3236 -0.4886 -0.8103
vn -0.4482 -0.7887 0.4209
vn -0.4393 -0.8014 -0.4060
vn -0.4898 -0.8593 -0.1474
vn -0.6299 -0.5133 -0.5829
vn -0.6300 -0.5133 -0.5828
vn -0.7661 -0.6001 -0.2302
vn -0.7662 -0.6001 -0.2299
vn -0.4746 -0.4196 -0.7738
vn -0.4301 -0.5689 -0.7010
vn -0.5472 -0.6670 -0.5058
vn -0.5469 -0.6669 -0.5061
vn -0.6368 -0.7468 -0.1917
vn -0.6369 -0.7468 -0.1914
vn -0.4299 -0.5689 -0.7011
vn -0.5906 -0.7426 0.3158
vn 0.4747 -0.4195 0.7738
vn 0.4745 -0.4198 0.7737
vn -0.3350 0.4266 0.8401
vn -0.3349 0.4266 0.8401
vn -0.5907 -0.7424 0.3161
vn 0.0577 0.6915 0.7200
vn 0.6299 -0.5130 0.5831
vn 0.7660 -0.6001 0.2304
vn 0.7659 -0.6004 0.2298
vn 0.6298 -0.5135 0.5828
vn 0.5907 0.7424 -0.3160
vn 0.5907 0.7425 -0.3159
vn 0.4721 -0.4178 0.7763
vn 0.3687 -0.1107 0.9229
vn 0.9347 -0.2178 0.2809
vn 0.8685 -0.4217 0.2606
vn -0.5346 0.3361 -0.7754
vn 0.0078 -0.0000 1.0000
vn -0.4309 -0.5690 -0.7004
vn 0.0080 -0.1450 0.9894
vn -0.4487 -0.7882 0.4212
vn 0.0081 -0.1263 0.9920
vn 0.2767 0.0955 -0.9562
vn -0.2403 -0.2491 -0.9382
vn -0.2474 -0.3042 -0.9199
vn -0.3474 -0.3504 -0.8698
vn -0.4747 -0.4196 -0.7737
vn -0.3475 -0.3505 -0.8697
vn -0.4343 -0.5710 -0.6967
vn 0.2767 0.0947 -0.9563
vn -0.3238 -0.4878 -0.8107
vn -0.7155 0.6103 0.3400
vn -0.7190 0.6041 0.3437
vn -0.1914 0.2659 0.9448
vn -0.6883 -0.3475 -0.6367
vn 0.8683 -0.4218 0.2609
vn 0.6882 -0.3476 0.6368
vn 0.5026 -0.2755 0.8194
vn 0.5027 -0.2755 0.8194
vn 0.6881 -0.3476 0.6369
vn -0.8381 0.0001 -0.5455
vn -0.3792 -0.0000 -0.9253
vn -0.8370 -0.0000 -0.5473
vn -0.8683 -0.4218 -0.2609
vn -0.8685 -0.4217 -0.2606
vn -0.6882 -0.3476 -0.6368
vn 0.1938 0.2494 -0.9488
vn 0.7215 0.1029 0.6847
vn 0.2344 -0.4312 0.8713
vn 0.1455 -0.5387 0.8299
vn -0.3614 -0.2260 -0.9046
vn 0.1453 -0.5387 0.8299
vn 0.2837 0.9499 -0.1310
vn -0.5026 -0.2754 -0.8195
vn -0.5027 -0.2754 -0.8194
vn -0.2549 -0.1942 -0.9473
vn -0.1040 0.6173 0.7798
vn -0.1040 0.6172 0.7799
vn -0.2549 -0.1941 -0.9473
vn -0.3615 -0.2259 -0.9046
vn -0.1913 0.2663 0.9447
vn 0.4445 -0.1545 0.8824
vn 0.4445 -0.1546 0.8824
vn -0.4445 0.1545 -0.8824
vn 0.1040 -0.6174 -0.7797
vn 0.1039 -0.6172 -0.7799
vn -0.2839 -0.9499 0.1307
vn 0.1181 -0.2455 0.9622
vn 0.0851 -0.5115 0.8550
vn 0.0850 -0.5116 0.8550
vn 0.0280 -0.4984 0.8665
vn 0.4300 -0.5687 0.7012
vn 0.4254 -0.5819 0.6931
vn -0.0312 -0.2486 0.9681
vn 0.3634 -0.7192 0.5922
vn 0.3237 -0.4886 0.8103
vn -0.0957 -0.2570 0.9617
vn 0.4898 -0.8593 0.1475
vn 0.4897 -0.8594 0.1467
vn 0.4380 -0.8000 0.4100
vn 0.4392 -0.8013 0.4063
vn 0.4392 -0.8013 0.4062
vn 0.3314 -0.9382 0.0994
vn 0.3083 -0.9076 0.2851
vn 0.3082 -0.9076 0.2851
vn -0.1770 0.7745 0.6074
vn 0.2685 -0.8580 0.4380
vn 0.3632 -0.7192 0.5924
vn 0.2206 -0.8040 0.5523
vn 0.3314 -0.9382 0.0993
vn 0.2843 -0.6423 0.7118
vn 0.2113 -0.5817 0.7855
vn 0.2115 -0.5817 0.7854
vn 0.1640 -0.9852 -0.0492
vn 0.1655 -0.9850 0.0496
vn 0.0237 -0.6802 0.7327
vn 0.1384 -0.9643 0.2257
vn 0.2685 -0.8580 0.4379
vn 0.1384 -0.9644 0.2255
vn 0.1564 -0.9771 0.1446
vn 0.2207 -0.8040 0.5521
vn 0.0718 -0.9096 0.4093
vn 0.0426 -0.9025 0.4287
vn 0.0635 -0.9010 0.4292
vn 0.1221 -0.9443 0.3055
vn 0.0990 -0.9245 0.3682
vn 0.0148 -0.8880 0.4596
vn 0.1700 -0.7557 0.6325
vn 0.0714 -0.6928 0.7176
vn 0.1200 -0.7181 0.6855
vn 0.1202 -0.7181 0.6855
vn 0.1703 -0.7558 0.6323
vn 0.3237 -0.4886 0.8102
vn 0.4303 -0.5692 0.7006
vn 0.1660 -0.2745 0.9471
vn 0.2475 -0.3042 0.9199
vn 0.2476 -0.3042 0.9199
vn 0.1588 -0.3929 0.9058
vn 0.1587 -0.3929 0.9058
vn 0.0920 -0.3696 0.9246
vn 0.0919 -0.3697 0.9246
vn 0.0956 -0.2569 0.9617
vn 0.2598 -0.0000 0.9657
vn 0.2587 -0.0946 0.9613
vn 0.2586 -0.0946 0.9613
vn 0.3285 -0.9309 -0.1596
vn 0.0990 -0.0000 0.9951
vn 0.1726 -0.0000 0.9850
vn 0.0323 -0.0000 0.9995
vn 0.0322 -0.0762 0.9966
vn 0.0987 -0.0788 0.9920
vn 0.0322 -0.0763 0.9966
vn -0.0577 -0.6915 -0.7200
vn 0.1720 -0.0846 0.9814
vn 0.1720 -0.0847 0.9814
vn 0.2647 0.1967 -0.9441
vn -0.2647 -0.1967 0.9441
vn 0.0986 0.0789 0.9920
vn -0.4743 0.8803 0.0023
vn -0.1594 -0.7974 -0.5821
vn -0.0530 -0.7566 -0.6518
vn 0.0322 0.0763 0.9966
vn -0.0536 -0.7570 -0.6512
vn 0.0322 0.0762 0.9966
vn 0.0987 0.0789 0.9920
vn 0.1720 0.0847 0.9814
vn 0.0537 -0.7565 -0.6518
vn 0.0529 -0.7567 -0.6516
vn 0.5229 -0.0000 0.8524
vn 0.1595 -0.7975 -0.5819
vn 0.2024 -0.8451 -0.4947
vn 0.2596 -0.8678 -0.4237
vn 0.3286 -0.9309 -0.1593
vn -0.5180 -0.1364 -0.8444
vn -0.2597 -0.8680 -0.4233
vn -0.2026 -0.8453 -0.4943
vn -0.4482 -0.7886 0.4209
vn 0.7189 -0.6039 -0.3443
vn -0.3286 -0.9309 -0.1593
vn -0.4490 -0.7882 0.4208
vn 0.7190 -0.6041 -0.3435
vn -0.3285 -0.9309 -0.1596
vn 0.7190 -0.6043 -0.3433
vn 0.7191 -0.6039 -0.3437
vn 0.0578 0.6915 0.7200
vn -0.0976 -0.1626 -0.9819
vn -0.1699 -0.1743 -0.9699
vn -0.1659 -0.2747 -0.9471
vn -0.2475 -0.3044 -0.9198
vn -0.0956 -0.2568 -0.9617
vn -0.0957 -0.2568 -0.9617
vn -0.0919 -0.3701 -0.9244
vn 0.4473 0.7890 -0.4212
vn 0.4478 0.7887 -0.4212
vn -0.1700 -0.1743 -0.9699
vn -0.2551 -0.1942 -0.9472
vn 0.4481 0.7888 -0.4206
vn 0.4483 0.7886 -0.4209
vn -0.1913 0.2660 0.9448
vn 0.4482 0.7888 -0.4207
vn 0.4483 0.7885 -0.4211
vn -0.9729 -0.0893 -0.2134
vn 0.6191 -0.7254 -0.3007
vn 0.4240 -0.5858 -0.6907
vn 0.4234 -0.5858 -0.6910
vn 0.5012 -0.2868 -0.8165
vn 0.5007 -0.2870 -0.8166
vn 0.8239 -0.4000 -0.4014
vn 0.8243 -0.4003 -0.4004
vn 0.8238 -0.4001 -0.4016
vn 0.8245 -0.4008 -0.3995
vn -0.0417 -0.9786 -0.2013
vn 0.8997 -0.0026 -0.4366
vn 0.8244 -0.4005 -0.4001
vn 0.8247 -0.4008 -0.3990
vn 0.2642 -0.0000 -0.9645
vn 0.2577 -0.2208 -0.9407
vn 0.2576 -0.2207 -0.9407
vn 0.8989 -0.0015 -0.4382
vn 0.8997 0.0026 -0.4366
vn 0.5227 -0.0000 -0.8525
vn 0.9001 0.0004 -0.4356
vn 0.8994 -0.0000 -0.4371
vn 0.9000 -0.0003 -0.4359
vn 0.8989 0.0015 -0.4382
vn 0.8245 0.4008 -0.3995
vn 0.5012 0.2868 -0.8165
vn 0.4233 0.5861 -0.6909
vn 0.4239 0.5860 -0.6906
vn 0.6189 0.7256 -0.3006
vn 0.5007 0.2870 -0.8166
vn 0.8244 0.4005 -0.4001
vn 0.8238 0.4001 -0.4016
vn 0.8243 0.4003 -0.4004
vn 0.8247 0.4008 -0.3990
vn 0.8239 0.4000 -0.4014
vn 0.4765 -0.8096 0.3428
vn -0.8244 -0.4004 -0.4001
vn -0.8248 -0.4002 -0.3995
vn -0.2318 -0.4795 -0.8464
vn -0.2318 -0.4796 -0.8464
vn -0.0731 -0.4319 -0.8989
vn -0.4239 -0.5858 -0.6908
vn -0.4237 -0.5858 -0.6909
vn -0.6189 -0.7256 -0.3006
vn -0.6193 -0.7256 -0.3000
vn 0.0730 -0.4320 -0.8989
vn 0.0813 -0.0000 -0.9967
vn -0.2576 -0.2208 -0.9407
vn -0.5008 -0.2869 -0.8166
vn -0.2577 -0.2209 -0.9406
vn -0.0797 -0.1946 -0.9776
vn -0.0798 -0.1947 -0.9776
vn -0.5010 -0.2868 -0.8165
vn -0.0733 -0.4318 -0.8990
vn 0.0797 -0.1946 -0.9776
vn 0.0733 -0.4318 -0.8990
vn 0.2320 -0.4796 -0.8463
vn 0.2317 -0.4797 -0.8463
vn -0.0813 -0.0000 -0.9967
vn -0.2577 0.2209 -0.9406
vn -0.0797 0.1946 -0.9776
vn -0.5230 -0.0000 -0.8523
vn -0.2642 -0.0000 -0.9645
vn -0.8996 -0.0000 -0.4367
vn 0.0797 0.1946 -0.9776
vn 0.2646 0.1966 -0.9441
vn 0.0530 0.7564 -0.6520
vn -0.1595 0.7970 -0.5825
vn 0.0730 0.4322 -0.8988
vn 0.1596 0.7972 -0.5823
vn -0.0537 0.7566 -0.6516
vn -0.0530 0.7562 -0.6522
vn 0.0537 0.7562 -0.6522
vn -0.2028 0.8451 -0.4947
vn 0.2026 0.8449 -0.4951
vn 0.2598 0.8676 -0.4240
vn 0.3289 0.9308 -0.1597
vn 0.3289 0.9308 -0.1594
vn -0.2317 0.4798 -0.8462
vn -0.2318 0.4798 -0.8462
vn -0.3289 0.9308 -0.1594
vn -0.3289 0.9308 -0.1597
vn -0.2600 0.8677 -0.4236
vn -0.4236 0.5861 -0.6907
vn -0.4238 0.5861 -0.6906
vn -0.6187 0.7259 -0.3005
vn -0.6191 0.7258 -0.2999
vn -0.5010 0.2868 -0.8165
vn -0.8248 0.4002 -0.3995
vn -0.8244 0.4004 -0.4001
vn -0.5008 0.2869 -0.8166
vn -0.0733 0.4320 -0.8989
vn -0.0731 0.4322 -0.8988
vn -0.2576 0.2208 -0.9407
vn -0.0798 0.1947 -0.9776
vn 0.0733 0.4320 -0.8989
vn 0.2317 0.4799 -0.8462
vn 0.2576 0.2207 -0.9407
vn 0.2319 0.4798 -0.8462
vn 0.2577 0.2208 -0.9407
vn -0.0947 0.0207 0.9953
vn 0.1138 -0.3069 0.9449
vn -0.7119 -0.6100 -0.3481
vn -0.1138 0.3069 -0.9449
vn 0.7118 0.6100 0.3481
vn -0.4765 0.8096 -0.3429
vn 0.2646 0.1967 -0.9441
vn -0.4743 0.8803 0.0024
vn -0.4766 0.8095 -0.3428
vn -0.7118 -0.6100 -0.3481
vn -0.7119 -0.6100 -0.3480
vn -0.4553 0.2504 -0.8544
vn -0.7190 0.6042 0.3436
vn 0.7118 0.6101 0.3480
vn 0.1137 -0.3069 0.9449
vn -0.3779 -0.2793 -0.8827
vn -0.5938 0.2518 -0.7641
vn -0.4743 0.8804 0.0024
vn -0.0278 -0.5050 -0.8627
vn -0.9346 -0.2180 -0.2810
vn 0.7226 -0.1752 0.6687
vn 0.5180 -0.1363 0.8444
vn 0.5180 -0.1363 0.8445
vn -0.9346 -0.2181 -0.2809
vn -0.0374 -0.8447 -0.5340
vn 0.3710 -0.0000 0.9286
vn -0.9347 -0.2181 -0.2807
vn 0.3688 -0.1107 0.9229
vn -0.9347 -0.2181 -0.2808
vn -0.9348 -0.2180 -0.2802
vn 0.0082 -0.1442 0.9895
vn 0.7338 0.0004 0.6794
vn 0.7340 -0.0003 0.6792
vn -0.0417 -0.9786 -0.2014
vn -0.0321 -0.6680 -0.7435
vn -0.0374 -0.8448 -0.5337
vn -0.0420 -0.9794 -0.1977
vn 0.7224 0.1031 0.6838
vn -0.0247 -0.3700 -0.9287
vn -0.0245 -0.3668 -0.9300
vn -0.0322 -0.6686 -0.7429
vn -0.0278 -0.5048 -0.8628
vn 0.7212 0.1030 0.6850
vn 0.2768 0.0958 -0.9561
vn 0.2766 0.0956 -0.9562
vn -0.5348 0.3362 -0.7752
vn -0.5346 0.3369 -0.7751
vn -0.5352 0.3318 -0.7768
vn -0.7226 -0.1754 -0.6687
vn -0.7228 -0.1752 -0.6684
vn -0.9568 0.0005 -0.2906
vn -0.9590 -0.0006 -0.2836
vn -0.9343 -0.2178 -0.2822
vn -0.7342 -0.0000 -0.6789
vn -0.9729 0.0891 -0.2133
vn -0.9343 0.2179 -0.2822
vn -0.9464 -0.0000 -0.3230
vn -0.9578 -0.0000 -0.2873
vn -0.9568 -0.0005 -0.2906
vn 0.9579 -0.0007 0.2872
vn -0.0203 -0.0000 -0.9998
vn 0.9554 0.0152 0.2949
vn -0.3709 -0.0000 -0.9287
vn -0.5229 -0.0000 -0.8524
vn -0.2587 0.0947 -0.9613
vn -0.2587 -0.0946 -0.9613
vn -0.3687 -0.1107 -0.9229
vn 0.9348 -0.2181 0.2803
vn 0.9349 -0.2176 0.2803
vn -0.7228 0.1753 -0.6684
vn 0.9347 -0.2179 0.2807
vn 0.9346 -0.2178 0.2812
vn 0.9348 -0.2180 0.2805
vn 0.9344 -0.2179 0.2820
vn -0.0375 0.8447 -0.5340
vn -0.9346 0.2181 -0.2809
vn -0.9346 0.2181 -0.2810
vn -0.9347 0.2182 -0.2807
vn -0.9346 0.2181 -0.2808
vn -0.9350 0.2181 -0.2797
vn -0.3687 0.1107 -0.9229
vn -0.3687 0.1108 -0.9229
vn -0.5180 0.1364 -0.8444
vn -0.5027 0.2753 -0.8194
vn -0.7226 0.1754 -0.6687
vn -0.1720 -0.0847 -0.9815
vn -0.1720 -0.0846 -0.9815
vn -0.0987 -0.0788 -0.9920
vn -0.0322 -0.0763 -0.9966
vn -0.0986 -0.0789 -0.9920
vn -0.1726 -0.0000 -0.9850
vn -0.0990 -0.0000 -0.9951
vn -0.1720 0.0847 -0.9815
vn -0.0986 0.0790 -0.9920
vn -0.0322 0.0763 -0.9966
vn -0.0987 0.0789 -0.9920
vn 0.7222 0.1030 0.6840
vn 0.4475 0.7875 -0.4238
vn 0.4482 0.7886 -0.4209
vn -0.2598 -0.0000 -0.9656
vn 0.7216 0.1076 0.6839
vn 0.7221 0.1030 0.6840
vn 0.1765 -0.7746 -0.6073
vn 0.1770 -0.7745 -0.6074
vn 0.1770 -0.7746 -0.6072
vn -0.1775 0.7743 0.6074
vn -0.2071 0.1109 -0.9720
vn -0.2587 0.0946 -0.9613
vn -0.1751 0.7750 0.6072
vn -0.1660 0.2745 -0.9471
vn -0.0714 0.6928 -0.7176
vn -0.1231 0.9433 -0.3082
vn -0.1016 0.9205 -0.3773
vn -0.0681 0.9191 -0.3882
vn -0.0443 0.8944 -0.4451
vn -0.0966 0.9282 -0.3593
vn -0.1445 0.9611 -0.2354
vn -0.1661 0.9825 -0.0843
vn -0.1523 0.9782 -0.1411
vn -0.2206 0.8040 -0.5522
vn -0.3632 0.7192 -0.5924
vn -0.3632 0.7192 -0.5923
vn -0.2687 0.8581 -0.4376
vn -0.2685 0.8580 -0.4380
vn -0.3083 0.9075 -0.2852
vn -0.3314 0.9382 -0.0994
vn -0.3314 0.9382 -0.0997
vn -0.2205 0.8040 -0.5523
vn -0.3081 0.9075 -0.2856
vn -0.4392 0.8013 -0.4062
vn -0.1455 0.5386 -0.8299
vn 0.1769 -0.7741 -0.6078
vn 0.1770 -0.7743 -0.6076
vn 0.1767 -0.7746 -0.6073
vn -0.0492 -0.0554 -0.9972
vn -0.1938 -0.2493 0.9488
vn 0.5906 0.7426 -0.3159
vn 0.5907 0.7425 -0.3160
vn 0.6737 -0.7386 -0.0216
vn 0.6737 -0.7387 -0.0217
vn 0.1938 0.2493 -0.9488
vn -0.0446 -0.0492 -0.9978
vn 0.6796 -0.7336 -0.0000
vn -0.5907 -0.7425 0.3157
vn -0.5899 -0.7428 0.3167
vn 0.1315 0.2165 -0.9674
vn -0.5904 -0.7425 0.3164
vn 0.6300 -0.5129 -0.5831
vn 0.4554 -0.2505 0.8543
vn 0.4552 -0.2504 0.8544
vn -0.0976 -0.1624 0.9819
vn -0.0299 -0.1090 0.9936
vn -0.0319 -0.1572 0.9871
vn -0.3792 -0.0000 0.9253
vn -0.0319 -0.1571 0.9871
vn -0.8370 -0.0000 0.5473
vn -0.0319 -0.1573 0.9870
vn -0.0975 -0.1626 0.9819
vn -0.8354 -0.0000 -0.5496
vn -0.0987 -0.0788 0.9920
vn -0.1845 -0.7451 -0.6409
vn -0.2766 -0.0956 0.9562
vn -0.4425 -0.2366 -0.8650
vn -0.4426 -0.2366 -0.8649
vn -0.2767 -0.0957 0.9562
vn 0.4427 0.2367 0.8649
vn 0.1846 0.7452 0.6408
vn 0.0087 0.2482 0.9687
vn 0.0081 0.1460 0.9893
vn 0.0088 0.1409 0.9900
vn 0.7346 0.0028 0.6785
vn 0.7338 -0.0004 0.6794
vn 0.7340 -0.0000 0.6792
vn -0.4445 0.1546 -0.8823
vn 0.0102 0.0478 0.9988
vn 0.0079 -0.0472 0.9989
vn 0.7340 0.0001 0.6792
vn -0.2798 0.1451 0.9490
vn 0.7340 -0.0000 0.6791
vn 0.7340 -0.0001 0.6792
vn 0.4444 -0.1544 0.8824
vn -0.3736 -0.3385 0.8636
vn -0.3736 -0.3384 0.8636
vn 0.2797 -0.1450 -0.9491
vn 0.2798 -0.1451 -0.9490
vn 0.0085 0.2504 0.9681
vn 0.0069 0.2637 0.9646
vn 0.0056 0.2476 0.9689
vn 0.9579 -0.0000 0.2872
vn -0.7222 -0.1022 -0.6841
vn -0.7221 -0.1030 -0.6840
vn 0.1845 0.7452 0.6408
vn -0.1315 -0.2165 0.9674
vn 0.0161 0.9797 -0.1997
vn -0.1845 -0.7452 -0.6408
vn 0.4748 -0.4195 -0.7737
vn 0.6300 -0.5133 -0.5828
vn 0.7661 -0.6001 -0.2299
vn 0.7660 -0.6002 -0.2302
vn 0.6300 -0.5134 -0.5826
vn 0.5904 0.7426 -0.3161
vn 0.3262 0.4031 0.8551
vn 0.5906 0.7427 -0.3156
vn 0.1772 -0.7744 -0.6073
vn 0.3261 0.4031 0.8551
vn 0.2587 0.0946 0.9613
vn 0.3614 -0.2260 -0.9046
vn 0.2586 0.0946 0.9613
vn 0.3475 -0.3504 -0.8697
vn 0.3475 -0.3504 -0.8698
vn 0.4747 -0.4193 -0.7739
vn 0.4749 -0.4196 -0.7736
vn 0.3688 0.1107 0.9229
vn 0.3687 0.1107 0.9229
vn 0.5180 0.1363 0.8444
vn -0.1769 0.7744 0.6075
vn 0.0144 0.8453 0.5341
vn -0.4484 -0.7884 0.4211
vn -0.4483 -0.7885 0.4211
vn 0.0108 0.5055 0.8627
vn 0.0095 0.3670 0.9302
vn 0.4745 -0.4195 -0.7739
vn 0.9347 0.2180 0.2807
vn 0.9347 0.2179 0.2808
vn 0.9349 0.2176 0.2803
vn 0.9347 0.2179 0.2809
vn 0.0124 0.6683 0.7438
vn 0.0124 0.6686 0.7435
vn -0.1453 -0.5387 0.8299
vn 0.5180 -0.1363 -0.8444
vn 0.0095 0.3671 0.9301
vn 0.0107 0.5053 0.8629
vn -0.7221 -0.1030 -0.6841
vn -0.0714 -0.6928 0.7176
vn -0.0237 -0.6802 0.7327
vn 0.9347 -0.2178 -0.2809
vn -0.2344 -0.4313 0.8713
vn 0.7226 0.1752 0.6687
vn -0.1588 -0.3930 0.9057
vn -0.1593 -0.3927 0.9057
vn 0.9348 -0.2181 -0.2803
vn 0.5027 -0.2755 -0.8194
vn 0.9347 0.2178 0.2808
vn 0.6882 -0.3476 -0.6368
vn 0.9348 0.2181 0.2803
vn 0.5026 -0.2755 -0.8194
vn 0.8685 -0.4217 -0.2606
vn 0.8683 -0.4218 -0.2609
vn 0.9343 0.2179 0.2820
vn -0.0301 -0.3587 0.9330
vn 0.6881 -0.3476 -0.6369
vn 0.3260 0.4030 0.8552
vn -0.0919 -0.3697 0.9246
vn -0.1455 -0.5386 0.8299
vn -0.0851 -0.5115 0.8551
vn -0.0850 -0.5115 0.8550
vn -0.0280 -0.4984 0.8665
vn -0.1523 -0.9782 -0.1411
vn -0.1640 -0.9852 -0.0492
vn 0.0957 0.2568 0.9617
vn 0.4899 -0.8593 -0.1468
vn -0.2687 -0.8581 0.4376
vn 0.4897 -0.8594 -0.1474
vn 0.2549 0.1941 0.9473
vn -0.1655 -0.9850 0.0496
vn -0.1564 -0.9770 0.1449
vn -0.1434 -0.9666 0.2125
vn 0.3083 -0.9076 -0.2851
vn -0.1384 -0.9644 0.2255
vn 0.3082 -0.9076 -0.2851
vn 0.3314 -0.9382 -0.0994
vn -0.1231 -0.9433 0.3083
vn 0.0312 0.2487 0.9681
vn -0.0994 -0.9238 0.3697
vn 0.0313 0.2486 0.9681
vn 0.3314 -0.9382 -0.0993
vn -0.0473 -0.9044 0.4241
vn 0.1699 0.1743 0.9699
vn -0.0718 -0.9096 0.4093
vn -0.0429 -0.9010 0.4316
vn 0.0319 0.1571 0.9871
vn -0.0147 -0.8898 0.4560
vn 0.0976 0.1626 0.9819
vn -0.1700 -0.7557 0.6324
vn 0.1700 0.1742 0.9699
vn -0.1202 -0.7181 0.6855
vn 0.3475 0.3504 0.8698
vn -0.1200 -0.7181 0.6855
vn 0.3475 0.3504 0.8697
vn 0.3614 0.2260 0.9046
vn 0.3615 0.2260 0.9046
vn 0.2549 0.1942 0.9473
vn 0.2206 -0.8040 -0.5523
vn 0.2685 -0.8580 -0.4379
vn 0.3655 -0.7196 -0.5904
vn 0.3632 -0.7192 -0.5923
vn 0.3629 -0.7189 -0.5928
vn 0.2685 -0.8580 -0.4380
vn 0.6299 0.5132 0.5830
vn -0.4392 -0.8013 0.4062
vn -0.3314 -0.9382 0.0994
vn 0.6881 0.3475 0.6370
vn 0.3634 -0.7193 -0.5921
vn -0.3314 -0.9382 0.0997
vn 0.4392 -0.8013 -0.4063
vn 0.4392 -0.8013 -0.4064
vn -0.3083 -0.9075 0.2852
vn 0.4301 0.5690 0.7009
vn -0.2685 -0.8580 0.4380
vn 0.4747 0.4195 0.7737
vn -0.3081 -0.9075 0.2856
vn 0.4746 0.4195 0.7738
vn -0.0131 -0.9145 -0.4044
vn 0.7661 0.6001 0.2302
vn 0.7662 0.6001 0.2299
vn -0.0479 -0.8998 -0.4336
vn 0.8684 0.4217 0.2609
vn 0.0147 -0.8898 -0.4561
vn 0.0443 -0.8944 -0.4451
vn 0.8685 0.4217 0.2606
vn 0.5026 0.2755 0.8195
vn 0.6882 0.3475 0.6369
vn 0.5027 0.2755 0.8194
vn -0.7219 -0.1030 -0.6843
vn -0.7225 -0.1030 -0.6836
vn -0.7217 -0.1028 -0.6845
vn 0.2207 -0.8040 -0.5521
vn -0.7216 -0.1028 -0.6847
vn 0.1015 -0.9205 -0.3773
vn 0.0681 -0.9191 -0.3882
vn 0.3634 0.7192 0.5922
vn 0.0966 -0.9282 -0.3593
vn 0.6369 0.7469 0.1914
vn 0.1231 -0.9433 -0.3081
vn 0.1445 -0.9610 -0.2357
vn 0.6369 0.7468 0.1912
vn 0.5469 0.6669 0.5061
vn 0.1523 -0.9782 -0.1409
vn 0.1661 -0.9825 -0.0840
vn 0.2115 -0.5817 -0.7854
vn 0.2113 -0.5817 -0.7855
vn 0.2843 -0.6423 -0.7118
vn 0.1703 -0.7558 -0.6323
vn 0.2344 0.4312 0.8713
vn 0.3237 -0.4886 -0.8103
vn 0.1660 0.2745 0.9471
vn -0.6742 0.7382 0.0221
vn -0.5908 -0.7428 0.3149
vn 0.2475 0.3042 0.9199
vn 0.0956 0.2569 0.9617
vn 0.2113 0.5817 0.7855
vn 0.2115 0.5817 0.7854
vn 0.3237 0.4886 0.8103
vn 0.0280 -0.4984 -0.8665
vn 0.3237 0.4886 0.8102
vn 0.1455 0.5387 0.8299
vn 0.1587 0.3929 0.9058
vn -0.0237 -0.6802 -0.7327
vn 0.0851 -0.5115 -0.8550
vn 0.0850 -0.5116 -0.8550
vn 0.1455 -0.5387 -0.8299
vn 0.0237 -0.6802 -0.7327
vn 0.1453 -0.5387 -0.8299
vn 0.0714 -0.6928 -0.7176
vn 0.1202 -0.7181 -0.6855
vn 0.1200 -0.7181 -0.6855
vn 0.1700 -0.7557 -0.6325
vn 0.0089 -0.3068 -0.9517
vn 0.0081 -0.1450 -0.9894
vn 0.2767 0.0958 -0.9562
vn 0.2476 -0.3042 -0.9199
vn 0.3182 -0.9374 0.1417
vn 0.1588 -0.3929 -0.9058
vn 0.1587 -0.3929 -0.9058
vn 0.2344 -0.4312 -0.8713
vn 0.0161 -0.9695 -0.2444
vn 0.0087 -0.2490 -0.9685
vn -0.2765 -0.0957 0.9562
vn -0.2763 -0.0957 0.9563
vn 0.4426 0.2366 0.8649
vn 0.0079 0.0750 -0.9971
vn 0.0079 -0.0455 -0.9989
vn 0.0082 -0.1520 -0.9883
vn -0.2769 -0.0957 0.9561
vn 0.4423 0.2372 0.8649
vn 0.0080 0.0472 -0.9989
vn 0.0085 0.1439 -0.9896
vn 0.0093 0.3657 -0.9307
vn 0.0087 0.2487 -0.9685
vn 0.0099 0.4141 -0.9102
vn 0.5346 -0.3358 0.7755
vn 0.5347 -0.3359 0.7754
vn -0.0851 0.5115 -0.8551
vn -0.0850 0.5115 -0.8550
vn -0.0280 0.4984 -0.8665
vn -0.1588 0.3929 -0.9057
vn -0.1587 0.3930 -0.9057
vn -0.2344 0.4313 -0.8713
vn 0.0096 0.3050 -0.9523
vn -0.0301 0.3587 -0.9330
vn -0.1703 0.7558 -0.6323
vn -0.1202 0.7181 -0.6855
vn -0.1200 0.7181 -0.6855
vn -0.1700 0.7557 -0.6324
vn -0.2767 -0.0954 0.9562
vn -0.2115 0.5817 -0.7855
vn 0.5348 -0.3352 0.7756
vn 0.5347 -0.3360 0.7754
vn 0.5344 -0.3366 0.7753
vn -0.2767 -0.0955 0.9562
vn 0.4426 0.2365 0.8650
vn -0.4427 -0.2367 -0.8649
vn 0.0237 0.6802 0.7327
vn 0.3237 -0.4886 -0.8102
vn 0.4323 -0.5706 -0.6983
vn 0.4302 -0.5691 -0.7007
vn 0.0100 -0.4481 -0.8939
vn 0.0163 -0.9795 -0.2008
vn -0.0447 -0.0492 -0.9978
vn 0.6737 -0.7387 -0.0215
vn 0.1185 -0.2454 0.9622
vn 0.2587 -0.0946 -0.9613
vn 0.2549 -0.1942 -0.9473
vn -0.2205 -0.8040 0.5523
vn -0.3632 -0.7192 0.5923
vn -0.3632 -0.7192 0.5924
vn -0.6737 0.7387 0.0217
vn -0.2844 -0.6423 0.7117
vn -0.3261 -0.4030 -0.8552
vn -0.2115 -0.5817 0.7855
vn -0.2113 -0.5817 0.7855
vn -0.2206 -0.8040 0.5522
vn -0.2843 -0.6423 0.7118
vn -0.1703 -0.7558 0.6323
vn 0.0446 0.0492 0.9978
vn -0.6740 0.7385 0.0211
vn -0.6736 0.7387 0.0217
vn -0.3236 -0.4887 0.8102
vn -0.1587 -0.3930 0.9058
vn -0.0313 -0.2486 -0.9681
vn -0.0312 -0.2487 -0.9681
vn -0.0301 -0.3587 -0.9330
vn -0.2475 -0.3041 0.9199
vn -0.1660 -0.2744 0.9472
vn -0.2474 -0.3041 0.9199
vn 0.0313 -0.2486 -0.9681
vn 0.0957 -0.2568 -0.9617
vn 0.0956 -0.2569 -0.9617
vn -0.4490 -0.7886 0.4202
vn 0.0312 -0.2487 -0.9681
vn 0.1660 -0.2745 -0.9471
vn 0.2475 -0.3042 -0.9199
vn 0.0301 -0.3587 -0.9330
vn 0.0920 -0.3696 -0.9246
vn -0.4483 -0.7886 0.4210
vn 0.0919 -0.3697 -0.9246
vn -0.4427 -0.3300 0.8338
vn -0.0322 -0.0762 -0.9966
vn -0.0319 -0.1571 -0.9871
vn 0.0319 -0.1571 -0.9871
vn -0.0319 -0.1572 -0.9871
vn 0.0082 -0.1443 -0.9895
vn 0.0319 -0.1572 -0.9871
vn 0.0976 -0.1626 -0.9819
vn 0.0976 -0.1626 -0.9818
vn 0.1700 -0.1743 -0.9699
vn 0.1699 -0.1743 -0.9699
vn 0.0079 -0.0472 -0.9989
vn 0.1184 -0.2453 0.9622
vn 0.0087 0.2577 -0.9662
vn 0.0081 0.1441 -0.9895
vn 0.0082 0.1461 -0.9892
vn 0.9346 -0.2179 -0.2811
vn 0.0109 0.5828 -0.8126
vn 0.0161 -0.9793 -0.2016
vn -0.0000 -0.8682 -0.4961
vn 0.9348 -0.2180 -0.2805
vn 0.0118 0.6169 -0.7869
vn 0.0130 0.7039 -0.7101
vn 0.0021 -0.9821 -0.1885
vn 0.9344 -0.2179 -0.2820
vn 0.7338 0.0004 -0.6794
vn 0.7346 -0.0028 -0.6785
vn 0.7226 -0.1752 -0.6687
vn 0.9578 -0.0000 -0.2876
vn 0.9579 -0.0008 -0.2872
vn 0.9348 -0.2179 -0.2803
vn 0.1188 -0.2453 0.9621
vn 0.4604 -0.4085 -0.7882
vn 0.8674 0.1434 -0.4766
vn 0.4566 -0.2490 0.8541
vn -0.1572 -0.3924 0.9063
vn -0.0920 -0.3696 0.9246
vn -0.0957 -0.2566 0.9618
vn 0.4553 -0.2505 0.8543
vn -0.4300 -0.5689 0.7011
vn -0.4484 -0.7885 0.4209
vn -0.4898 -0.8593 0.1474
vn 0.7340 0.0001 -0.6792
vn -0.4393 -0.8014 0.4060
vn -0.7662 -0.6001 0.2299
vn -0.7661 -0.6001 0.2302
vn -0.6299 -0.5133 0.5829
vn 0.8670 0.1438 -0.4770
vn 0.8674 0.1433 -0.4766
vn 0.8756 0.1300 -0.4652
vn 0.9579 0.0009 -0.2872
vn -0.6300 -0.5133 0.5828
vn -0.3475 -0.3505 0.8697
vn 0.7226 0.1752 -0.6687
vn -0.2549 -0.1938 0.9474
vn -0.6369 -0.7468 0.1914
vn -0.6368 -0.7468 0.1917
vn -0.5472 -0.6670 0.5058
vn 0.3710 -0.0000 -0.9286
vn -0.4301 -0.5689 0.7010
vn 0.5229 -0.0000 -0.8524
vn -0.5469 -0.6669 0.5061
vn -0.4746 -0.4196 0.7738
vn -0.4747 -0.4196 0.7737
vn 0.7346 0.0028 -0.6785
vn -0.3238 -0.4887 0.8102
vn -0.3476 -0.3504 0.8697
vn 0.7340 -0.0000 -0.6792
vn 0.5180 -0.1363 -0.8445
vn 0.7340 -0.0000 -0.6791
vn 0.7338 -0.0004 -0.6794
vn 0.7340 -0.0001 -0.6792
vn 0.2586 -0.0946 -0.9613
vn 0.3687 -0.1107 -0.9229
vn 0.3688 -0.1107 -0.9229
vn -0.3615 -0.2259 0.9046
vn 0.1700 0.7557 0.6325
vn -0.2545 -0.1940 0.9474
vn 0.0714 0.6928 0.7176
vn -0.3614 -0.2260 0.9046
vn 0.1200 0.7181 0.6855
vn 0.1202 0.7181 0.6855
vn -0.2549 -0.1942 0.9473
vn -0.4553 0.2506 -0.8544
vn 0.1453 0.5387 0.8299
vn 0.0145 0.8459 -0.5331
vn 0.0280 0.4984 0.8665
vn 0.1185 -0.2454 0.9621
vn 0.0850 0.5116 0.8550
vn 0.0851 0.5115 0.8550
vn -0.4445 0.1545 -0.8823
vn 0.0919 0.3697 0.9246
vn 0.0301 0.3587 0.9330
vn 0.1588 0.3929 0.9058
vn 0.0920 0.3696 0.9246
vn 0.3314 0.9382 0.0994
vn 0.3082 0.9076 0.2851
vn 0.3083 0.9076 0.2851
vn -0.5764 -0.7244 -0.3782
vn 0.2685 0.8580 0.4380
vn 0.3632 0.7192 0.5924
vn 0.2685 0.8580 0.4379
vn 0.2206 0.8040 0.5523
vn 0.2843 0.6423 0.7118
vn 0.2207 0.8040 0.5521
vn 0.3314 0.9382 0.0993
vn -0.4604 0.4085 0.7882
vn 0.4899 0.8593 0.1468
vn 0.4898 0.8593 0.1470
vn 0.0114 -0.6670 -0.7450
vn 0.4392 0.8012 0.4064
vn 0.4392 0.8013 0.4063
vn 0.1703 0.7558 0.6323
vn 0.0160 0.9799 -0.1987
vn 0.0163 0.9793 -0.2016
vn -0.4483 -0.7886 0.4209
vn 0.6603 0.3296 -0.6748
vn -0.9347 -0.2181 0.2808
vn 0.0107 -0.5042 -0.8635
vn 0.0088 -0.2799 -0.9600
vn 0.1182 -0.2453 0.9622
vn -0.8671 -0.1432 0.4771
vn -0.2113 0.5817 -0.7855
vn -0.2843 0.6423 -0.7118
vn -0.2844 0.6423 -0.7117
vn -0.1453 0.5387 -0.8299
vn -0.3236 0.4887 -0.8102
vn -0.4300 0.5689 -0.7011
vn 0.0124 0.6686 -0.7435
vn 0.0145 0.8453 -0.5341
vn 0.9347 0.2179 -0.2808
vn 0.0081 0.1439 -0.9896
vn 0.9349 0.2176 -0.2803
vn 0.9347 0.2180 -0.2807
vn -0.6300 0.5133 -0.5828
vn -0.6299 0.5133 -0.5829
vn -0.7661 0.6001 -0.2302
vn -0.7662 0.6001 -0.2299
vn -0.5026 0.2754 -0.8195
vn -0.6884 0.3475 -0.6367
vn -0.6882 0.3475 -0.6369
vn -0.8684 0.4217 -0.2609
vn -0.8685 0.4217 -0.2606
vn -0.8662 -0.1429 0.4788
vn -0.3475 0.3505 -0.8697
vn -0.3476 0.3505 -0.8697
vn -0.8670 -0.1438 0.4771
vn -0.4393 0.8014 -0.4060
vn -0.4898 0.8593 -0.1474
vn -0.8669 -0.1440 0.4772
vn -0.3238 0.4887 -0.8102
vn -0.4301 0.5689 -0.7010
vn 0.0087 -0.2489 -0.9685
vn -0.4747 0.4196 -0.7737
vn -0.4746 0.4196 -0.7738
vn -0.5469 0.6669 -0.5061
vn -0.6368 0.7468 -0.1917
vn -0.6369 0.7468 -0.1914
vn -0.5472 0.6670 -0.5058
vn -0.2549 0.1941 -0.9473
vn -0.3614 0.2259 -0.9046
vn -0.3615 0.2259 -0.9046
vn -0.0956 0.2569 -0.9617
vn -0.0957 0.2568 -0.9617
vn -0.8685 -0.4217 0.2606
vn -0.0312 0.2487 -0.9681
vn -0.8683 -0.4218 0.2609
vn -0.0313 0.2486 -0.9681
vn -0.0919 0.3697 -0.9246
vn -0.0920 0.3696 -0.9246
vn -0.6882 -0.3476 0.6368
vn -0.2475 0.3042 -0.9199
vn -0.6883 -0.3475 0.6367
vn -0.5027 -0.2754 0.8194
vn -0.5026 -0.2754 0.8195
vn -0.1699 0.1742 -0.9699
vn -0.0976 0.1626 -0.9819
vn 0.6603 0.3295 -0.6748
vn -0.1700 0.1742 -0.9699
vn 0.4486 0.7885 -0.4207
vn -0.0990 -0.0000 0.9951
vn -0.0323 -0.0000 0.9995
vn -0.0322 -0.0763 0.9966
vn -0.0987 -0.0789 0.9920
vn -0.0986 -0.0789 0.9920
vn -0.0322 -0.0762 0.9966
vn -0.1726 -0.0000 0.9850
vn -0.1720 -0.0847 0.9815
vn -0.2585 -0.0946 0.9614
vn 0.4475 0.7884 -0.4221
vn -0.1720 -0.0846 0.9815
vn 0.3350 -0.4266 -0.8401
vn 0.1769 -0.7745 -0.6074
vn 0.3350 -0.4265 -0.8401
vn 0.1047 0.0407 0.9937
vn 0.1040 0.0408 0.9937
vn -0.4482 -0.7885 0.4211
vn 0.0946 -0.0207 -0.9953
vn -0.1046 -0.0407 -0.9937
vn -0.1047 -0.0407 -0.9937
vn 0.1914 -0.2660 -0.9448
vn -0.0375 -0.8454 -0.5328
vn -0.1770 0.7743 0.6075
vn -0.0277 0.5050 -0.8627
vn -0.0210 -0.0472 -0.9987
vn -0.0209 -0.0663 -0.9976
vn -0.0277 -0.5051 -0.8626
vn -0.0322 -0.6683 -0.7432
vn -0.0245 0.3678 -0.9296
vn -0.0224 0.2490 -0.9682
vn -0.0206 0.1113 -0.9936
vn -0.0224 0.2487 -0.9683
vn -0.0205 0.1077 -0.9940
vn -0.0277 0.5051 -0.8626
vn -0.0322 0.6686 -0.7429
vn -0.0354 0.7575 -0.6519
vn -0.0355 -0.7575 -0.6519
vn -0.0224 -0.2484 -0.9684
vn -0.0245 -0.3640 -0.9311
vn -0.0246 -0.3678 -0.9296
vn -0.0417 -0.9790 -0.1997
vn -0.0417 0.9791 -0.1991
vn -0.0245 0.3663 -0.9302
vn -0.0245 0.3640 -0.9311
vn 0.9347 0.2179 -0.2809
vn 0.9343 0.2179 -0.2820
vn 0.9348 0.2181 -0.2803
vn 0.9347 0.2178 -0.2808
vn 0.5180 0.1363 -0.8444
vn 0.3614 0.2260 -0.9046
vn 0.3687 0.1107 -0.9229
vn 0.3688 0.1107 -0.9229
vn 0.2586 0.0946 -0.9613
vn 0.2598 -0.0000 -0.9657
vn 0.2587 0.0946 -0.9613
vn 0.1726 -0.0000 -0.9850
vn 0.2549 0.1942 -0.9473
vn -0.0323 -0.0000 -0.9995
vn 0.0323 -0.0000 -0.9995
vn 0.0990 -0.0000 -0.9951
vn 0.0322 -0.0762 -0.9966
vn 0.0322 -0.0763 -0.9966
vn 0.0987 -0.0788 -0.9920
vn 0.0986 -0.0789 -0.9920
vn 0.1720 -0.0847 -0.9814
vn 0.1720 -0.0846 -0.9814
vn -0.0319 0.1571 -0.9871
vn 0.0976 0.1626 -0.9819
vn 0.0322 0.0762 -0.9966
vn 0.1699 0.1743 -0.9699
vn 0.1700 0.1742 -0.9699
vn -0.0322 0.0762 -0.9966
vn 0.0322 0.0763 -0.9966
vn 0.0986 0.0789 -0.9920
vn 0.0987 0.0789 -0.9920
vn 0.1720 0.0847 -0.9814
vn 0.4747 0.4195 -0.7737
vn 0.6299 0.5132 -0.5830
vn 0.7662 0.6001 -0.2299
vn 0.7661 0.6001 -0.2302
vn 0.8685 0.4217 -0.2606
vn 0.8684 0.4217 -0.2609
vn 0.3475 0.3504 -0.8697
vn 0.4746 0.4195 -0.7738
vn 0.3615 0.2260 -0.9046
vn 0.5027 0.2755 -0.8194
vn 0.5026 0.2755 -0.8195
vn 0.6881 0.3475 -0.6370
vn 0.6882 0.3475 -0.6369
vn -0.6603 -0.3296 0.6748
vn -0.6603 -0.3297 0.6748
vn 0.6369 0.7468 -0.1912
vn 0.6369 0.7469 -0.1914
vn 0.4301 0.5690 -0.7009
vn 0.5469 0.6669 -0.5061
vn 0.5469 0.6669 -0.5060
vn 0.0957 0.2568 -0.9617
vn 0.0919 0.3697 -0.9246
vn 0.1587 0.3929 -0.9058
vn 0.1660 0.2745 -0.9471
vn 0.0920 0.3696 -0.9246
vn 0.2475 0.3042 -0.9199
vn 0.3475 0.3504 -0.8698
vn 0.3237 0.4886 -0.8102
vn 0.2549 0.1941 -0.9473
vn 0.2843 0.6423 -0.7118
vn 0.3632 0.7192 -0.5924
vn 0.3634 0.7192 -0.5922
vn 0.2685 0.8580 -0.4380
vn 0.3082 0.9076 -0.2851
vn 0.4899 0.8593 -0.1468
vn 0.3083 0.9076 -0.2851
vn 0.3314 0.9382 -0.0994
vn 0.3314 0.9382 -0.0993
vn 0.4392 0.8012 -0.4064
vn 0.4392 0.8013 -0.4063
vn 0.4898 0.8593 -0.1470
vn -0.0147 0.8898 -0.4561
vn 0.0131 0.9145 -0.4044
vn 0.0408 0.9109 -0.4107
vn 0.0698 0.9145 -0.3984
vn 0.0982 0.9257 -0.3652
vn 0.0479 0.8998 -0.4337
vn 0.0237 0.6802 -0.7327
vn 0.0714 0.6928 -0.7176
vn 0.1202 0.7181 -0.6855
vn 0.2207 0.8040 -0.5521
vn 0.2206 0.8040 -0.5523
vn 0.1237 0.9428 -0.3094
vn 0.2685 0.8580 -0.4379
vn 0.1432 0.9617 -0.2336
vn 0.1523 0.9782 -0.1409
vn 0.1640 0.9852 -0.0492
vn 0.1563 0.9798 -0.1247
vn 0.1455 0.5387 -0.8299
vn 0.1588 0.3929 -0.9058
vn 0.2344 0.4312 -0.8713
vn 0.1200 0.7181 -0.6855
vn 0.1700 0.7557 -0.6325
vn 0.1703 0.7558 -0.6323
vn 0.1453 0.5387 -0.8299
vn 0.2115 0.5817 -0.7854
vn 0.2113 0.5817 -0.7855
vn -0.1720 0.0847 0.9815
vn -0.0986 0.0790 0.9920
vn -0.0322 0.0763 0.9966
vn -0.0322 0.0762 0.9966
vn -0.0987 0.0789 0.9920
vn -0.2598 -0.0000 0.9656
vn 0.4484 0.7885 -0.4209
vn -0.2587 -0.0946 0.9613
vn -0.1047 -0.0408 -0.9937
vn 0.1046 0.0407 0.9937
vn -0.5229 -0.0000 0.8524
vn -0.3709 -0.0000 0.9287
vn -0.7226 -0.1754 0.6687
vn -0.5180 -0.1364 0.8444
vn -0.3687 -0.1107 0.9229
vn -0.2587 -0.0947 0.9613
vn -0.2586 -0.0946 0.9613
vn -0.9590 -0.0006 0.2836
vn -0.7228 -0.1752 0.6684
vn -0.9568 0.0005 0.2906
vn -0.9348 -0.2180 0.2802
vn -0.9347 -0.2181 0.2807
vn -0.9346 -0.2180 0.2810
vn -0.9346 -0.2181 0.2809
vn -0.9343 -0.2178 0.2822
vn -0.0245 -0.3668 0.9300
vn -0.9729 -0.0893 0.2134
vn 0.7222 0.1031 0.6839
vn -0.9729 0.0891 0.2133
vn -0.0203 -0.0000 0.9998
vn -0.9464 -0.0000 0.3230
vn -0.9578 -0.0000 0.2873
vn -0.7342 -0.0000 0.6789
vn -0.9568 -0.0005 0.2906
vn -0.9350 0.2181 0.2797
vn -0.0000 0.6863 0.7274
vn -0.9347 0.2182 0.2807
vn -0.0000 0.5725 0.8199
vn -0.9346 0.2181 0.2810
vn -0.9346 0.2181 0.2808
vn -0.9346 0.2181 0.2809
vn -0.9343 0.2179 0.2822
vn -0.7228 0.1753 0.6684
vn -0.7226 0.1754 0.6687
vn -0.5180 0.1364 0.8444
vn -0.3687 0.1107 0.9229
vn -0.2587 0.0947 0.9613
vn -0.3687 0.1108 0.9229
vn -0.3614 0.2259 0.9046
vn -0.2587 0.0946 0.9613
vn -0.0312 0.2487 0.9681
vn -0.0313 0.2486 0.9681
vn -0.1699 0.1742 0.9699
vn -0.0976 0.1626 0.9819
vn -0.0319 0.1571 0.9871
vn -0.1700 0.1742 0.9699
vn -0.2475 0.3042 0.9199
vn -0.1660 0.2745 0.9471
vn -0.0956 0.2569 0.9617
vn -0.0957 0.2568 0.9617
vn -0.2549 0.1941 0.9473
vn -0.0237 0.6802 0.7327
vn -0.1453 0.5387 0.8299
vn -0.1455 0.5386 0.8299
vn -0.0851 0.5115 0.8551
vn -0.0850 0.5115 0.8550
vn -0.0280 0.4984 0.8665
vn -0.0301 0.3587 0.9330
vn -0.2344 0.4313 0.8713
vn -0.1588 0.3929 0.9057
vn -0.0919 0.3697 0.9246
vn -0.1587 0.3930 0.9057
vn -0.0920 0.3696 0.9246
vn -0.1640 0.9852 -0.0492
vn -0.1655 0.9850 0.0496
vn -0.1564 0.9770 0.1449
vn -0.1384 0.9644 0.2255
vn 0.0124 -0.6658 -0.7460
vn 0.0124 -0.6694 -0.7428
vn 0.0152 -0.9241 -0.3819
vn 0.0089 -0.2852 -0.9584
vn 0.0079 0.0471 -0.9989
vn 0.0079 0.0473 -0.9989
vn 0.0095 0.3669 -0.9302
vn 0.0107 0.5059 -0.8626
vn 0.0161 0.9805 -0.1957
vn 0.0079 -0.0476 -0.9988
vn 0.4444 -0.1546 0.8824
vn 0.4445 -0.1545 0.8823
vn -0.3182 0.9374 -0.1416
vn 0.2766 0.0957 -0.9562
vn -0.5348 0.3359 -0.7753
vn -0.5347 0.3359 -0.7754
vn 0.5348 -0.3360 0.7753
vn -0.2768 -0.0957 0.9561
vn -0.2768 -0.0958 0.9561
vn -0.3181 0.9374 -0.1417
vn 0.3735 0.3384 -0.8637
vn 0.3736 0.3384 -0.8637
vn 0.0095 0.3683 0.9296
vn 0.0161 0.9792 0.2021
vn 0.0161 -0.9797 0.2000
vn 0.0161 0.9797 0.1996
vn 0.0162 0.9805 0.1957
vn 0.1040 -0.6173 -0.7798
vn -0.2839 -0.9499 0.1308
vn 0.4444 -0.1545 0.8824
vn -0.3735 -0.3384 0.8637
vn -0.3736 -0.3384 0.8637
vn 0.0161 -0.9778 0.2090
vn -0.4444 0.1546 -0.8824
vn -0.4444 0.1545 -0.8824
vn 0.2799 -0.1452 -0.9490
vn 0.8673 0.1433 -0.4767
vn 0.1184 -0.2454 0.9622
vn 0.2840 0.9499 -0.1308
vn -0.1040 0.6173 0.7799
vn -0.1039 0.6172 0.7799
vn 0.0095 0.3672 -0.9301
vn 0.5764 0.7244 0.3782
vn 0.0082 0.1442 -0.9895
vn -0.8679 -0.1424 0.4759
vn -0.8674 -0.1432 0.4766
vn -0.8673 -0.1433 0.4767
vn -0.8673 -0.1432 0.4767
vn 0.0145 -0.8498 0.5268
vn 0.0124 -0.6689 0.7432
vn -0.8676 -0.1423 0.4765
vn 0.0095 -0.3655 0.9308
vn 0.0111 -0.5351 0.8447
vn 0.0145 0.8451 -0.5343
vn 0.0081 0.1441 0.9895
vn -0.8668 -0.1430 0.4777
vn 0.0136 0.7581 0.6520
vn -0.8678 -0.1435 0.4758
vn -0.8672 -0.1433 0.4769
vn 0.0086 0.2471 0.9689
vn -0.8674 -0.1434 0.4766
vn -0.8680 -0.1438 0.4752
vn -0.8674 -0.1435 0.4765
vn 0.0107 0.5056 0.8627
vn 0.0100 -0.4381 -0.8989
vn -0.1384 0.9643 0.2256
vn -0.1221 0.9443 0.3057
vn -0.0990 0.9245 0.3682
vn -0.0718 0.9096 0.4093
vn -0.0426 0.9025 0.4287
vn -0.0714 0.6928 0.7176
vn -0.0635 0.9010 0.4292
vn -0.0149 0.8880 0.4596
vn -0.2205 0.8040 0.5523
vn 0.0079 0.0477 -0.9988
vn -0.1700 0.7557 0.6324
vn -0.1202 0.7181 0.6855
vn -0.1200 0.7181 0.6855
vn -0.0417 0.9786 -0.2013
vn -0.3314 0.9382 0.0994
vn -0.3314 0.9382 0.0997
vn -0.0211 -0.1444 -0.9893
vn -0.3083 0.9075 0.2852
vn -0.2687 0.8581 0.4376
vn -0.2206 0.8040 0.5522
vn -0.2685 0.8580 0.4380
vn -0.3081 0.9075 0.2856
vn -0.0417 -0.9780 -0.2043
vn -0.4898 0.8593 0.1474
vn 0.0079 -0.0473 -0.9988
vn -0.0224 -0.2490 -0.9682
vn 0.0081 -0.1441 -0.9895
vn 0.3237 0.4886 -0.8103
vn 0.0086 -0.2483 -0.9686
vn 0.0095 -0.3688 -0.9295
vn 0.0087 -0.2503 -0.9681
vn -0.0237 0.6802 -0.7327
vn 0.0082 -0.3656 -0.9307
vn 0.0145 -0.8453 -0.5341
vn 0.0107 0.5054 -0.8628
vn 0.0107 0.5055 -0.8627
vn 0.0095 0.3656 -0.9307
vn 0.0095 0.3670 -0.9302
vn 0.0086 0.2482 -0.9687
vn 0.0087 0.2503 -0.9681
vn 0.0087 0.2487 -0.9686
vn 0.0081 -0.1442 -0.9895
vn 0.0124 0.6685 -0.7436
vn -0.4393 0.8014 0.4060
vn -0.4392 0.8013 0.4062
vn 0.0161 0.9787 -0.2045
vn 0.0161 0.9795 -0.2006
vn -0.1703 0.7558 0.6323
vn 0.0161 0.9798 -0.1991
vn -0.3632 0.7192 0.5924
vn -0.3632 0.7192 0.5923
vn -0.2843 0.6423 0.7118
vn -0.2844 0.6423 0.7117
vn -0.2115 0.5817 0.7855
vn -0.2113 0.5817 0.7855
vn -0.0245 -0.3667 -0.9300
vn -0.3236 0.4887 0.8102
vn -0.0277 -0.5049 -0.8627
vn -0.7662 0.6001 0.2299
vn -0.7661 0.6001 0.2302
vn -0.6300 0.5133 0.5828
vn -0.6299 0.5133 0.5829
vn -0.8685 0.4217 0.2606
vn -0.8684 0.4217 0.2609
vn -0.6884 0.3475 0.6367
vn -0.6882 0.3475 0.6369
vn -0.5027 0.2753 0.8194
vn 0.0087 -0.2487 0.9685
vn -0.5026 0.2754 0.8195
vn 0.0116 -0.9773 0.2114
vn -0.6369 0.7468 0.1914
vn -0.6368 0.7468 0.1917
vn -0.5469 0.6669 0.5061
vn -0.5472 0.6670 0.5058
vn -0.8679 -0.1434 0.4757
vn 0.3261 0.4029 0.8552
vn -0.1769 0.7745 0.6073
vn -0.0447 -0.0494 -0.9978
vn 0.0447 0.0492 0.9978
vn -0.6737 0.7387 0.0214
vn 0.7221 0.1030 0.6841
vn 0.8677 0.1428 -0.4762
vn 0.8673 0.1434 -0.4767
vn 0.0098 -0.4329 0.9014
vn 0.0100 -0.4413 0.8973
vn 0.8673 0.1432 -0.4768
vn 0.0087 -0.2486 0.9686
vn 0.0145 -0.8451 0.5344
vn 0.0108 -0.8632 0.5048
vn 0.8670 0.1431 -0.4773
vn 0.8667 0.1431 -0.4778
vn 0.8675 0.1435 -0.4763
vn 0.8674 0.1434 -0.4765
vn 0.8673 0.1435 -0.4767
vn 0.8674 0.1433 -0.4765
vn 0.8661 0.1447 -0.4785
vn 0.8673 0.1433 -0.4768
vn 0.8674 0.1431 -0.4767
vn 0.0095 0.3667 0.9303
vn 0.0095 0.3675 0.9300
vn 0.0079 0.0475 0.9988
vn 0.0079 -0.0475 0.9988
vn 0.0081 -0.1443 0.9895
vn 0.0079 -0.0444 0.9990
vn 0.0080 -0.0300 0.9995
vn 0.0081 -0.1444 0.9895
vn 0.8673 0.1433 -0.4766
vn 0.0110 0.2456 0.9693
vn 0.0110 0.1024 0.9947
vn 0.0095 -0.3674 0.9300
vn -0.8674 -0.1433 0.4766
vn 0.0161 -0.9793 0.2015
vn -0.1184 0.2453 -0.9622
vn -0.8668 -0.1432 0.4776
vn -0.9727 -0.1910 0.1318
vn -0.3260 -0.4030 -0.8551
vn -0.8677 -0.1426 0.4762
vn -0.8672 -0.1433 0.4768
vn -0.8672 -0.1435 0.4769
vn 0.0161 0.9793 0.2016
vn 0.0145 0.8466 0.5321
vn 0.0161 0.9789 0.2039
vn 0.0124 0.6678 0.7443
vn 0.0107 0.5042 0.8635
vn -0.1307 0.2446 -0.9608
vn -0.1182 0.2454 -0.9622
vn 0.8676 0.1433 -0.4761
vn 0.7222 0.1029 0.6840
vn 0.1771 -0.7744 -0.6074
vn 0.0086 -0.2482 0.9687
vn 0.0161 -0.9793 0.2016
vn 0.0145 -0.8453 0.5341
vn 0.0124 -0.6694 0.7428
vn 0.0107 -0.5050 0.8630
vn 0.0107 -0.5049 0.8631
vn 0.0145 -0.8454 0.5339
vn 0.0142 -0.8214 0.5701
vn 0.0086 0.2485 0.9686
vn 0.0087 0.2494 0.9684
vn 0.0081 0.1438 0.9896
vn 0.0082 0.1442 0.9895
vn 0.0080 0.0752 0.9971
vn -0.4300 0.5689 0.7011
vn -0.4301 0.5689 0.7010
vn -0.3238 0.4887 0.8102
vn -0.4747 0.4196 0.7737
vn -0.4746 0.4196 0.7738
vn -0.3475 0.3505 0.8697
vn -0.3476 0.3505 0.8697
vn -0.3615 0.2259 0.9046
vn -0.1773 0.7750 0.6066
vn 0.7119 0.6101 0.3479
vn -0.1770 0.7746 0.6072
vn 0.7118 0.6101 0.3481
vn 0.4766 -0.8095 0.3428
vn -0.7223 -0.1024 -0.6839
vn -0.7222 -0.1030 -0.6840
vn -0.4483 -0.7885 0.4210
vn 0.1913 -0.2661 -0.9448
vn -0.0205 0.1077 0.9940
vn -0.0375 -0.8447 0.5340
vn 0.7119 0.6101 0.3480
vn -0.0224 -0.2484 0.9684
vn -0.0354 -0.7575 0.6519
vn -0.0322 0.6686 0.7429
vn -0.0245 0.3678 0.9296
vn -0.0224 0.2487 0.9683
vn -0.0224 0.2490 0.9682
vn -0.0206 0.1113 0.9936
vn -0.0209 -0.0663 0.9976
vn -0.0246 -0.3678 0.9296
vn -0.0245 -0.3640 0.9311
vn -0.0224 -0.2490 0.9682
vn -0.0417 -0.9786 0.2013
vn -0.0417 -0.9786 0.2014
vn -0.0277 -0.5051 0.8626
vn -0.0322 -0.6686 0.7429
vn -0.0277 -0.5050 0.8627
vn -0.0417 0.9786 0.2013
vn -0.0354 0.7575 0.6519
vn -0.0277 0.5050 0.8627
vn -0.0245 0.3663 0.9302
vn -0.0245 0.3640 0.9311
vn -0.0417 0.9791 0.1991
vn -0.0375 0.8447 0.5340
vn -0.0277 0.5051 0.8626
vn -0.0210 -0.0472 0.9987
vn -0.0211 -0.1444 0.9893
vn 0.4482 0.7886 -0.4210
vn 0.1913 -0.2659 -0.9448
vn 0.0082 -0.1441 0.9895
vn 0.0095 -0.3688 0.9295
vn 0.0095 -0.3670 0.9302
vn 0.0086 0.2487 0.9685
vn 0.0079 0.0471 0.9989
vn 0.0095 0.3666 0.9303
vn 0.1767 -0.7745 -0.6073
vn 0.0162 0.9793 0.2016
vn 0.0163 0.9795 0.2007
vn 0.0145 0.8459 0.5332
vn -0.7218 -0.1029 -0.6844
vn -0.7227 -0.1031 -0.6834
vn -0.9963 -0.0000 -0.0856
vn -0.9964 -0.0000 -0.0851
vn 0.9964 -0.0000 0.0845
vn -0.0000 -0.8088 0.5882
vt 0.240275 0.976915
vt 0.237390 0.960122
vt 0.245129 0.960122
vt 0.242238 0.976915
vt 0.432671 0.693273
vt 0.432671 0.691317
vt 0.434612 0.691293
vt 0.434612 0.693249
vt 0.611411 0.978796
vt 0.606628 0.962595
vt 0.608591 0.962595
vt 0.603673 0.978796
vt 0.856713 0.976287
vt 0.851891 0.959442
vt 0.853851 0.959442
vt 0.848987 0.976287
vt 0.261964 0.960122
vt 0.257356 0.976815
vt 0.260010 0.960122
vt 0.265060 0.976815
vt 0.666718 0.941774
vt 0.676842 0.941801
vt 0.676968 0.952041
vt 0.666844 0.952014
vt 0.677323 0.960307
vt 0.667200 0.960280
vt 0.654492 0.960006
vt 0.644377 0.960099
vt 0.643936 0.950809
vt 0.654051 0.950717
vt 0.643781 0.940261
vt 0.653895 0.940168
vt 0.643936 0.930277
vt 0.654051 0.930184
vt 0.644377 0.922584
vt 0.654492 0.922491
vt 0.802364 0.972502
vt 0.792225 0.972503
vt 0.792162 0.962826
vt 0.802301 0.962826
vt 0.792162 0.952242
vt 0.802301 0.952242
vt 0.792225 0.942582
vt 0.802364 0.942581
vt 0.495668 0.918022
vt 0.505775 0.917974
vt 0.505269 0.926166
vt 0.495162 0.926213
vt 0.505090 0.936375
vt 0.494983 0.936422
vt 0.505269 0.946836
vt 0.495162 0.946884
vt 0.505775 0.955741
vt 0.495668 0.955789
vt 0.405888 0.893457
vt 0.406075 0.895234
vt 0.395565 0.894081
vt 0.386413 0.888765
vt 0.387611 0.887444
vt 0.396118 0.892386
vt 0.380202 0.880206
vt 0.378005 0.869882
vt 0.380202 0.859579
vt 0.386413 0.851078
vt 0.395565 0.845850
vt 0.406075 0.844798
vt 0.416125 0.848105
vt 0.423978 0.855197
vt 0.428277 0.864850
vt 0.428277 0.875394
vt 0.423978 0.885006
vt 0.416125 0.892023
vt 0.415230 0.890473
vt 0.422531 0.883949
vt 0.426526 0.875014
vt 0.426526 0.865213
vt 0.422531 0.856240
vt 0.415230 0.849647
vt 0.405888 0.846573
vt 0.396118 0.847551
vt 0.387611 0.852411
vt 0.381837 0.860313
vt 0.379794 0.869890
vt 0.381837 0.879487
vt 0.667200 0.922491
vt 0.677323 0.922518
vt 0.676968 0.931358
vt 0.666844 0.931331
vt 0.319736 0.884920
vt 0.315431 0.875294
vt 0.315431 0.864753
vt 0.317184 0.865123
vt 0.317184 0.874921
vt 0.321186 0.883870
vt 0.319736 0.855121
vt 0.327601 0.848063
vt 0.337666 0.844799
vt 0.348192 0.845893
vt 0.357357 0.851157
vt 0.363578 0.859680
vt 0.365778 0.869989
vt 0.363578 0.880301
vt 0.357357 0.888832
vt 0.348192 0.894109
vt 0.337666 0.895218
vt 0.327601 0.891968
vt 0.328497 0.890421
vt 0.337854 0.893443
vt 0.347638 0.892412
vt 0.356158 0.887507
vt 0.361941 0.879576
vt 0.363986 0.869990
vt 0.361941 0.860407
vt 0.356158 0.852484
vt 0.347638 0.847591
vt 0.337854 0.846574
vt 0.328497 0.849608
vt 0.321186 0.856169
vt 0.977036 0.214491
vt 0.966897 0.214492
vt 0.966927 0.204872
vt 0.977066 0.204872
vt 0.976952 0.222440
vt 0.966813 0.222440
vt 0.700131 0.948645
vt 0.699656 0.957381
vt 0.689550 0.957256
vt 0.690025 0.948520
vt 0.700299 0.938824
vt 0.690193 0.938699
vt 0.700131 0.929618
vt 0.690025 0.929492
vt 0.699656 0.922617
vt 0.689550 0.922491
vt 0.302809 0.963556
vt 0.302580 0.972719
vt 0.292456 0.972692
vt 0.292685 0.963529
vt 0.302809 0.953728
vt 0.292685 0.953701
vt 0.302580 0.944934
vt 0.292456 0.944907
vt 0.788242 0.486665
vt 0.778127 0.486608
vt 0.777720 0.479134
vt 0.787835 0.479191
vt 0.788386 0.496095
vt 0.778271 0.496038
vt 0.788242 0.505850
vt 0.778127 0.505793
vt 0.787835 0.514245
vt 0.777720 0.514188
vt 0.977036 0.195244
vt 0.966897 0.195245
vt 0.966813 0.187275
vt 0.976952 0.187274
vt 0.548516 0.373900
vt 0.540013 0.370654
vt 0.540308 0.369980
vt 0.405534 0.569459
vt 0.405919 0.568895
vt 0.419187 0.648150
vt 0.405535 0.626843
vt 0.888040 0.393612
vt 0.911825 0.326488
vt 0.911691 0.390865
vt 0.911027 0.325853
vt 0.906810 0.875101
vt 0.888040 0.851550
vt 0.907489 0.875133
vt 0.907490 0.865370
vt 0.020243 0.459712
vt 0.042541 0.495390
vt 0.006113 0.480676
vt 0.383143 0.662359
vt 0.925125 0.437469
vt 0.901473 0.440216
vt 0.767151 0.634119
vt 0.754504 0.595635
vt 0.767150 0.599800
vt 0.388797 0.696352
vt 0.768774 0.466908
vt 0.745439 0.464222
vt 0.765637 0.401396
vt 0.024511 0.915011
vt 0.006114 0.948578
vt 0.006113 0.913162
vt 0.024511 0.950429
vt 0.036374 0.529097
vt 0.479887 0.925060
vt 0.478954 0.932639
vt 0.478242 0.932285
vt 0.477858 0.924050
vt 0.968330 0.718549
vt 0.979319 0.690600
vt 0.977723 0.726308
vt 0.969925 0.682842
vt 0.434136 0.939289
vt 0.434987 0.962829
vt 0.424665 0.946982
vt 0.478242 0.941423
vt 0.478954 0.941082
vt 0.479961 0.935123
vt 0.480104 0.936873
vt 0.479961 0.938621
vt 0.039230 0.879686
vt 0.039265 0.874692
vt 0.042567 0.879636
vt 0.039280 0.884673
vt 0.042585 0.881387
vt 0.042580 0.877881
vt 0.481607 0.927898
vt 0.482757 0.932128
vt 0.482757 0.942086
vt 0.481607 0.946299
vt 0.479887 0.949102
vt 0.477858 0.950075
vt 0.947602 0.725224
vt 0.948748 0.736798
vt 0.945242 0.723314
vt 0.942993 0.726625
vt 0.942767 0.740342
vt 0.942007 0.734758
vt 0.946999 0.743099
vt 0.945022 0.744109
vt 0.433061 0.674146
vt 0.433664 0.679067
vt 0.432847 0.674303
vt 0.432303 0.675704
vt 0.432269 0.676179
vt 0.432441 0.675071
vt 0.432969 0.678700
vt 0.432766 0.678405
vt 0.433428 0.679039
vt 0.432588 0.678037
vt 0.432446 0.677613
vt 0.432342 0.677153
vt 0.433290 0.674078
vt 0.433893 0.679002
vt 0.259314 0.838663
vt 0.259311 0.907447
vt 0.237392 0.841503
vt 0.237390 0.910287
vt 0.434612 0.677661
vt 0.434375 0.678432
vt 0.433761 0.674231
vt 0.433985 0.674448
vt 0.434612 0.675995
vt 0.434508 0.675531
vt 0.434188 0.674743
vt 0.536696 0.639824
vt 0.548514 0.675098
vt 0.535021 0.638432
vt 0.538040 0.638706
vt 0.345821 0.668883
vt 0.021016 0.599529
vt 0.006113 0.587249
vt 0.042839 0.566724
vt 0.036666 0.541323
vt 0.294325 0.475358
vt 0.283399 0.478602
vt 0.283334 0.465036
vt 0.074953 0.475789
vt 0.080362 0.502493
vt 0.149947 0.006113
vt 0.162158 0.105891
vt 0.131293 0.020915
vt 0.065443 0.030360
vt 0.033854 0.058341
vt 0.036084 0.037298
vt 0.063215 0.051399
vt 0.925904 0.993887
vt 0.952239 0.952423
vt 0.951101 0.989566
vt 0.294470 0.485086
vt 0.283593 0.491693
vt 0.370593 0.186888
vt 0.395927 0.185111
vt 0.382103 0.223871
vt 0.386489 0.286148
vt 0.371859 0.167710
vt 0.371611 0.166798
vt 0.719457 0.812155
vt 0.714455 0.816061
vt 0.718418 0.803093
vt 0.376761 0.225403
vt 0.792162 0.930324
vt 0.796455 0.911440
vt 0.812017 0.930355
vt 0.591018 0.199223
vt 0.590623 0.201298
vt 0.591011 0.199171
vt 0.577003 0.238559
vt 0.571958 0.237899
vt 0.712642 0.817477
vt 0.712642 0.797592
vt 0.717788 0.797593
vt 0.589489 0.188349
vt 0.590574 0.182314
vt 0.590699 0.196955
vt 0.733210 0.449898
vt 0.709159 0.511030
vt 0.707841 0.454332
vt 0.591446 0.199097
vt 0.591119 0.199941
vt 0.370224 0.184583
vt 0.371050 0.166960
vt 0.370173 0.185541
vt 0.269780 0.464866
vt 0.269859 0.481394
vt 0.254132 0.464775
vt 0.254223 0.483633
vt 0.270097 0.497345
vt 0.254493 0.501831
vt 0.803680 0.879663
vt 0.802728 0.883848
vt 0.801592 0.888848
vt 0.802651 0.884188
vt 0.237089 0.485230
vt 0.236990 0.464768
vt 0.459309 0.947296
vt 0.459309 0.959568
vt 0.458862 0.947255
vt 0.203407 0.736822
vt 0.203820 0.740462
vt 0.191239 0.737889
vt 0.939479 0.707072
vt 0.941294 0.704136
vt 0.389421 0.280420
vt 0.416225 0.228089
vt 0.437008 0.242969
vt 0.390632 0.286385
vt 0.483814 0.623010
vt 0.483423 0.629130
vt 0.449234 0.539455
vt 0.363854 0.306398
vt 0.367957 0.227926
vt 0.943246 0.702330
vt 0.945265 0.701718
vt 0.935533 0.721302
vt 0.937876 0.711014
vt 0.400614 0.314025
vt 0.936544 0.715821
vt 0.934883 0.727251
vt 0.934619 0.733437
vt 0.467954 0.531760
vt 0.743738 0.034817
vt 0.734523 0.006113
vt 0.754575 0.027184
vt 0.753867 0.035717
vt 0.089374 0.919907
vt 0.089373 0.930129
vt 0.088331 0.930181
vt 0.871553 0.815686
vt 0.871416 0.675887
vt 0.872448 0.684480
vt 0.074873 0.250335
vt 0.068119 0.248132
vt 0.074127 0.244727
vt 0.350230 0.737163
vt 0.340675 0.718081
vt 0.382708 0.719241
vt 0.378252 0.737938
vt 0.069891 0.241863
vt 0.071877 0.240904
vt 0.069234 0.259742
vt 0.071595 0.261716
vt 0.073860 0.258456
vt 0.347008 0.708578
vt 0.389041 0.709738
vt 0.484342 0.792465
vt 0.478393 0.783210
vt 0.512510 0.791860
vt 0.517158 0.810737
vt 0.474905 0.811642
vt 0.480184 0.919486
vt 0.477147 0.917975
vt 0.033722 0.893495
vt 0.039598 0.891690
vt 0.034003 0.897687
vt 0.039410 0.888886
vt 0.033528 0.887190
vt 0.734547 0.956189
vt 0.735721 0.956771
vt 0.735474 0.957804
vt 0.735947 0.956159
vt 0.735407 0.949087
vt 0.736072 0.955868
vt 0.738311 0.949024
vt 0.737535 0.954245
vt 0.736518 0.955138
vt 0.738069 0.954112
vt 0.026439 0.895987
vt 0.026771 0.900935
vt 0.019001 0.900935
vt 0.026211 0.888547
vt 0.018441 0.888547
vt 0.018670 0.895987
vt 0.627283 0.518508
vt 0.630775 0.824696
vt 0.630138 0.824708
vt 0.703245 0.875419
vt 0.703247 0.858632
vt 0.718895 0.882106
vt 0.718895 0.853329
vt 0.734547 0.963998
vt 0.735721 0.963365
vt 0.735947 0.963968
vt 0.735296 0.960656
vt 0.735474 0.962343
vt 0.720189 0.955478
vt 0.712707 0.946997
vt 0.720369 0.940102
vt 0.734645 0.929877
vt 0.734547 0.903294
vt 0.742278 0.936798
vt 0.712525 0.929386
vt 0.742180 0.910215
vt 0.720761 0.890888
vt 0.696894 0.901484
vt 0.506561 0.782605
vt 0.011876 0.897687
vt 0.735407 0.971326
vt 0.712525 0.962372
vt 0.401054 0.760614
vt 0.767124 0.724574
vt 0.767123 0.758335
vt 0.754504 0.762175
vt 0.490937 0.882618
vt 0.491814 0.890110
vt 0.490427 0.890210
vt 0.758080 0.884413
vt 0.779935 0.887462
vt 0.779936 0.935031
vt 0.758082 0.931986
vt 0.490132 0.890288
vt 0.470771 0.905747
vt 0.477884 0.890285
vt 0.754504 0.713406
vt 0.807387 0.564516
vt 0.836700 0.573132
vt 0.824054 0.584219
vt 0.473787 0.882618
vt 0.947680 0.195189
vt 0.945844 0.188794
vt 0.949703 0.194173
vt 0.948871 0.187274
vt 0.628911 0.517506
vt 0.945966 0.198030
vt 0.943277 0.193042
vt 0.492013 0.890694
vt 0.436373 0.595769
vt 0.437008 0.589948
vt 0.437008 0.592896
vt 0.500172 0.905748
vt 0.736518 0.965001
vt 0.737535 0.965883
vt 0.736072 0.964264
vt 0.698763 0.910265
vt 0.738069 0.965997
vt 0.738311 0.971263
vt 0.011594 0.893495
vt 0.284522 0.260205
vt 0.271125 0.263223
vt 0.271062 0.246707
vt 0.776359 0.960895
vt 0.434004 0.587435
vt 0.436373 0.587715
vt 0.011401 0.887190
vt 0.006293 0.888886
vt 0.435274 0.586795
vt 0.432904 0.589462
vt 0.432269 0.595283
vt 0.432269 0.592335
vt 0.529286 0.759887
vt 0.535235 0.769143
vt 0.665782 0.900107
vt 0.277776 0.246813
vt 0.239179 0.243830
vt 0.277809 0.243873
vt 0.244341 0.251840
vt 0.277811 0.249742
vt 0.277905 0.251878
vt 0.018352 0.879746
vt 0.018414 0.870924
vt 0.026121 0.879746
vt 0.435735 0.461151
vt 0.435735 0.487493
vt 0.434613 0.461183
vt 0.026184 0.870924
vt 0.026389 0.863425
vt 0.033505 0.872247
vt 0.033679 0.865891
vt 0.033452 0.879725
vt 0.263506 0.246726
vt 0.271111 0.230179
vt 0.261854 0.243795
vt 0.261857 0.249664
vt 0.829388 0.952118
vt 0.832299 0.952191
vt 0.829388 0.966813
vt 0.832299 0.968494
vt 0.895263 0.953805
vt 0.891655 0.953646
vt 0.891648 0.946774
vt 0.894707 0.946908
vt 0.033947 0.861619
vt 0.026705 0.858391
vt 0.477147 0.956920
vt 0.480184 0.955468
vt 0.064837 0.277793
vt 0.063324 0.273811
vt 0.039560 0.867591
vt 0.039381 0.870441
vt 0.062104 0.268974
vt 0.061223 0.263468
vt 0.060715 0.257502
vt 0.258087 0.251820
vt 0.255572 0.265590
vt 0.255521 0.252242
vt 0.271300 0.279086
vt 0.826439 0.952141
vt 0.891655 0.961428
vt 0.895263 0.961587
vt 0.826439 0.968443
vt 0.066586 0.280765
vt 0.018936 0.858391
vt 0.018619 0.863425
vt 0.057667 0.288181
vt 0.060124 0.294644
vt 0.052751 0.299777
vt 0.055380 0.310075
vt 0.062962 0.299471
vt 0.059200 0.316573
vt 0.416912 0.753258
vt 0.824243 0.952254
vt 0.824243 0.972213
vt 0.436339 0.483848
vt 0.432269 0.655744
vt 0.433658 0.655430
vt 0.433658 0.661851
vt 0.055683 0.280327
vt 0.066073 0.302474
vt 0.371599 0.166803
vt 0.068500 0.282616
vt 0.435599 0.722630
vt 0.435599 0.723571
vt 0.435472 0.723570
vt 0.070510 0.283270
vt 0.069335 0.303540
vt 0.570060 0.728428
vt 0.569931 0.728428
vt 0.569931 0.727856
vt 0.350166 0.060203
vt 0.437008 0.461175
vt 0.437008 0.481349
vt 0.888040 0.148240
vt 0.913412 0.143810
vt 0.905677 0.234743
vt 0.913412 0.086233
vt 0.436898 0.710404
vt 0.435472 0.710404
vt 0.435472 0.708578
vt 0.588588 0.181935
vt 0.572485 0.191339
vt 0.577986 0.187049
vt 0.577260 0.191083
vt 0.585787 0.162022
vt 0.808303 0.859329
vt 0.809644 0.853434
vt 0.811459 0.845455
vt 0.576394 0.195903
vt 0.572481 0.217681
vt 0.590377 0.182169
vt 0.498112 0.610860
vt 0.584337 0.151709
vt 0.591446 0.074689
vt 0.577202 0.191411
vt 0.812017 0.843002
vt 0.239022 0.304929
vt 0.256088 0.300349
vt 0.256512 0.314934
vt 0.238678 0.286851
vt 0.238463 0.267213
vt 0.255771 0.283688
vt 0.237026 0.246767
vt 0.220451 0.268027
vt 0.239182 0.249699
vt 0.251823 0.252618
vt 0.258083 0.241655
vt 0.255556 0.227890
vt 0.255690 0.214602
vt 0.434613 0.494916
vt 0.099700 0.166112
vt 0.059735 0.151583
vt 0.089096 0.144645
vt 0.570490 0.688481
vt 0.569582 0.689274
vt 0.569582 0.687325
vt 0.569721 0.714961
vt 0.570060 0.715629
vt 0.569611 0.715491
vt 0.570549 0.701976
vt 0.569582 0.702734
vt 0.569582 0.701504
vt 0.570462 0.701501
vt 0.836760 0.143357
vt 0.814517 0.129834
vt 0.836760 0.068273
vt 0.826126 0.888042
vt 0.824243 0.848155
vt 0.836285 0.882888
vt 0.834403 0.934737
vt 0.824243 0.939891
vt 0.814515 0.077851
vt 0.162118 0.703447
vt 0.139982 0.717016
vt 0.140064 0.641427
vt 0.976928 0.965492
vt 0.966612 0.960247
vt 0.974781 0.890700
vt 0.964466 0.885455
vt 0.162178 0.651114
vt 0.338080 0.384458
vt 0.336214 0.448925
vt 0.315431 0.434046
vt 0.569586 0.715612
vt 0.011378 0.872247
vt 0.011325 0.879725
vt 0.139293 0.429873
vt 0.140982 0.430715
vt 0.140740 0.439816
vt 0.131721 0.438203
vt 0.131342 0.456649
vt 0.131487 0.447030
vt 0.140546 0.452761
vt 0.140480 0.466273
vt 0.006113 0.879686
vt 0.006148 0.874692
vt 0.053428 0.261699
vt 0.054253 0.271385
vt 0.948439 0.205690
vt 0.944819 0.202260
vt 0.006164 0.884673
vt 0.950153 0.202849
vt 0.949443 0.211641
vt 0.949443 0.203205
vt 0.950153 0.211980
vt 0.948297 0.207439
vt 0.948439 0.209185
vt 0.054467 0.290348
vt 0.945966 0.216416
vt 0.944819 0.212210
vt 0.944418 0.207242
vt 0.052382 0.302187
vt 0.947680 0.219210
vt 0.949703 0.220176
vt 0.078231 0.188762
vt 0.078228 0.188854
vt 0.078093 0.188722
vt 0.948871 0.226188
vt 0.945844 0.224747
vt 0.943277 0.220558
vt 0.074032 0.188218
vt 0.006265 0.870441
vt 0.011552 0.865891
vt 0.894707 0.969070
vt 0.891648 0.968935
vt 0.011820 0.861619
vt 0.073222 0.176792
vt 0.074847 0.177040
vt 0.072701 0.177192
vt 0.074973 0.176024
vt 0.405277 0.791909
vt 0.074345 0.175928
vt 0.076286 0.174437
vt 0.551246 0.776658
vt 0.378005 0.931268
vt 0.388463 0.970752
vt 0.379068 0.962993
vt 0.257025 0.326880
vt 0.239482 0.320757
vt 0.272399 0.316947
vt 0.272581 0.319708
vt 0.812625 0.544671
vt 0.282466 0.308908
vt 0.754504 0.957845
vt 0.783756 0.705526
vt 0.271949 0.306474
vt 0.423246 0.743755
vt 0.808253 0.476565
vt 0.808473 0.458964
vt 0.825182 0.458943
vt 0.801199 0.471189
vt 0.765493 0.499557
vt 0.765491 0.508064
vt 0.745439 0.515378
vt 0.765296 0.499438
vt 0.423246 0.800200
vt 0.387400 0.939026
vt 0.379068 0.907460
vt 0.050590 0.288829
vt 0.149077 0.435569
vt 0.151547 0.437136
vt 0.164514 0.413805
vt 0.167377 0.428746
vt 0.153370 0.433468
vt 0.437008 0.559882
vt 0.433524 0.574568
vt 0.433524 0.553057
vt 0.051503 0.321406
vt 0.044660 0.326253
vt 0.063386 0.320611
vt 0.067776 0.322045
vt 0.051839 0.343403
vt 0.055445 0.331403
vt 0.060545 0.336328
vt 0.057658 0.349020
vt 0.944075 0.490329
vt 0.949496 0.490183
vt 0.943334 0.504440
vt 0.949519 0.504273
vt 0.169948 0.377504
vt 0.169127 0.386110
vt 0.155111 0.388728
vt 0.051510 0.322112
vt 0.065894 0.338074
vt 0.097470 0.187155
vt 0.081427 0.190945
vt 0.259931 0.333760
vt 0.257609 0.335730
vt 0.811634 0.448616
vt 0.778529 0.685897
vt 0.265927 0.945058
vt 0.244004 0.947896
vt 0.539202 0.737620
vt 0.557195 0.729374
vt 0.976410 0.289984
vt 0.985881 0.282286
vt 0.975134 0.337727
vt 0.984605 0.330029
vt 0.260147 0.333902
vt 0.258241 0.341145
vt 0.618379 0.837561
vt 0.617687 0.846473
vt 0.612554 0.839969
vt 0.611713 0.846560
vt 0.265015 0.335936
vt 0.760129 0.489651
vt 0.761569 0.494873
vt 0.221511 0.323713
vt 0.240039 0.333719
vt 0.610414 0.863191
vt 0.616896 0.863096
vt 0.615197 0.874560
vt 0.493363 0.890219
vt 0.625536 0.518695
vt 0.629663 0.824715
vt 0.628690 0.824728
vt 0.493721 0.890286
vt 0.166666 0.405469
vt 0.168407 0.397837
vt 0.169692 0.405505
vt 0.161234 0.402103
vt 0.154272 0.398222
vt 0.154391 0.396271
vt 0.050789 0.323488
vt 0.051282 0.322050
vt 0.495035 0.890289
vt 0.153060 0.397651
vt 0.975476 0.808473
vt 0.968330 0.807659
vt 0.968510 0.807434
vt 0.969432 0.805872
vt 0.973285 0.797243
vt 0.975476 0.790706
vt 0.888205 0.314555
vt 0.901873 0.249359
vt 0.922453 0.246970
vt 0.435273 0.597797
vt 0.434004 0.598436
vt 0.432904 0.597516
vt 0.937380 0.504937
vt 0.936363 0.521106
vt 0.241358 0.349194
vt 0.240673 0.343321
vt 0.825182 0.505041
vt 0.808254 0.512756
vt 0.255516 0.241251
vt 0.435235 0.529784
vt 0.434602 0.527318
vt 0.435807 0.507143
vt 0.834393 0.972301
vt 0.834393 0.952341
vt 0.434602 0.507214
vt 0.949535 0.520385
vt 0.942824 0.520566
vt 0.952022 0.874329
vt 0.925904 0.831911
vt 0.951100 0.827590
vt 0.714897 0.531009
vt 0.742278 0.529644
vt 0.714541 0.532181
vt 0.285198 0.295701
vt 0.271578 0.293691
vt 0.284893 0.285209
vt 0.284665 0.273223
vt 0.295527 0.275227
vt 0.184855 0.391782
vt 0.185636 0.379059
vt 0.295358 0.266321
vt 0.400876 0.955078
vt 0.400689 0.931682
vt 0.412252 0.942653
vt 0.186527 0.369721
vt 0.184214 0.407403
vt 0.400874 0.907460
vt 0.412439 0.918431
vt 0.925125 0.248512
vt 0.071941 0.752138
vt 0.077445 0.733331
vt 0.100793 0.765638
vt 0.087508 0.773675
vt 0.146377 0.810230
vt 0.169454 0.778998
vt 0.174892 0.797809
vt 0.975278 0.360970
vt 0.986751 0.349953
vt 0.975134 0.397300
vt 0.159508 0.818635
vt 0.986607 0.386282
vt 0.202088 0.780823
vt 0.986751 0.421375
vt 0.217713 0.758570
vt 0.219306 0.753359
vt 0.241610 0.761543
vt 0.295252 0.256646
vt 0.284470 0.246649
vt 0.295213 0.246576
vt 0.285567 0.304294
vt 0.285900 0.310756
vt 0.285987 0.310658
vt 0.296340 0.294141
vt 0.270271 0.213975
vt 0.073992 0.201565
vt 0.069995 0.188828
vt 0.070729 0.200503
vt 0.077102 0.204568
vt 0.467955 0.440269
vt 0.073378 0.220475
vt 0.071369 0.219820
vt 0.075292 0.222322
vt 0.079940 0.209395
vt 0.296028 0.289410
vt 0.082397 0.215862
vt 0.077042 0.225298
vt 0.295754 0.283022
vt 0.581508 0.167447
vt 0.572485 0.134774
vt 0.582529 0.161765
vt 0.069342 0.220383
vt 0.302872 0.246489
vt 0.302896 0.252692
vt 0.078555 0.229275
vt 0.079774 0.234113
vt 0.080656 0.239619
vt 0.081164 0.245584
vt 0.081279 0.251779
vt 0.303205 0.268936
vt 0.303066 0.264134
vt 0.302961 0.258650
vt 0.221033 0.307254
vt 0.202815 0.307233
vt 0.931051 0.230309
vt 0.541939 0.270070
vt 0.569209 0.235884
vt 0.571183 0.236261
vt 0.549794 0.306463
vt 0.499358 0.633655
vt 0.398002 0.832572
vt 0.475828 0.925023
vt 0.202458 0.288433
vt 0.202233 0.268006
vt 0.220675 0.288453
vt 0.202152 0.246746
vt 0.220369 0.246767
vt 0.968330 0.635254
vt 0.467227 0.770603
vt 0.449234 0.778852
vt 0.333400 0.758740
vt 0.184725 0.286790
vt 0.184510 0.267153
vt 0.315431 0.750449
vt 0.425516 0.970527
vt 0.472959 0.941997
vt 0.476522 0.938589
vt 0.474109 0.946231
vt 0.472556 0.937016
vt 0.476379 0.936839
vt 0.184431 0.246706
vt 0.185069 0.304868
vt 0.477529 0.932626
vt 0.477529 0.941069
vt 0.476522 0.935092
vt 0.472959 0.932039
vt 0.222091 0.337192
vt 0.222749 0.347178
vt 0.204532 0.347158
vt 0.474109 0.927829
vt 0.203289 0.375381
vt 0.475828 0.949065
vt 0.039251 0.299549
vt 0.693192 0.797592
vt 0.693865 0.800344
vt 0.683789 0.815989
vt 0.697800 0.811642
vt 0.700416 0.815989
vt 0.696779 0.809585
vt 0.434987 0.907460
vt 0.425516 0.915157
vt 0.321765 0.797392
vt 0.337623 0.790036
vt 0.167107 0.446745
vt 0.183445 0.444849
vt 0.183738 0.425324
vt 0.167816 0.412233
vt 0.167985 0.408101
vt 0.152621 0.449417
vt 0.152845 0.434464
vt 0.382604 0.464934
vt 0.382492 0.463903
vt 0.388797 0.465469
vt 0.382045 0.461152
vt 0.383873 0.485400
vt 0.685639 0.797595
vt 0.419187 0.552514
vt 0.383796 0.494105
vt 0.383932 0.491370
vt 0.405535 0.556375
vt 0.911856 0.311809
vt 0.007303 0.385594
vt 0.455184 0.731568
vt 0.471195 0.739084
vt 0.366758 0.803213
vt 0.343956 0.780533
vt 0.977725 0.643013
vt 0.943700 0.539094
vt 0.942564 0.538091
vt 0.944572 0.536891
vt 0.474111 0.919430
vt 0.471536 0.923627
vt 0.060462 0.897666
vt 0.060111 0.893293
vt 0.067076 0.895707
vt 0.067490 0.900869
vt 0.739673 0.955127
vt 0.741502 0.949066
vt 0.740091 0.955854
vt 0.738643 0.954241
vt 0.297233 0.782679
vt 0.298725 0.599560
vt 0.297802 0.782468
vt 0.740200 0.956144
vt 0.741737 0.956165
vt 0.740447 0.956755
vt 0.066834 0.888131
vt 0.074560 0.888131
vt 0.059906 0.886871
vt 0.741737 0.963973
vt 0.740447 0.963349
vt 0.740719 0.962325
vt 0.740200 0.963953
vt 0.074801 0.895707
vt 0.075216 0.900869
vt 0.740915 0.960637
vt 0.740719 0.957786
vt 0.739673 0.964990
vt 0.741502 0.971305
vt 0.738643 0.965879
vt 0.082464 0.897666
vt 0.082113 0.893293
vt 0.088129 0.891751
vt 0.087895 0.888826
vt 0.951898 0.188719
vt 0.951726 0.195138
vt 0.740091 0.964250
vt 0.811700 0.729635
vt 0.788179 0.722809
vt 0.807276 0.712352
vt 0.888040 0.953804
vt 0.888583 0.946907
vt 0.054916 0.874570
vt 0.055126 0.870410
vt 0.060036 0.871952
vt 0.060349 0.865731
vt 0.059880 0.879374
vt 0.054812 0.879528
vt 0.471536 0.951166
vt 0.474111 0.955413
vt 0.054829 0.884536
vt 0.066803 0.879291
vt 0.074529 0.879291
vt 0.067357 0.863195
vt 0.060774 0.861654
vt 0.066987 0.870535
vt 0.067858 0.858391
vt 0.054966 0.888826
vt 0.074712 0.870535
vt 0.075083 0.863195
vt 0.082037 0.871952
vt 0.081882 0.879374
vt 0.075584 0.858391
vt 0.888040 0.961586
vt 0.489268 0.697490
vt 0.493918 0.716362
vt 0.087758 0.884536
vt 0.087740 0.879528
vt 0.091222 0.881487
vt 0.088054 0.870410
vt 0.091252 0.877986
vt 0.087844 0.874570
vt 0.954586 0.202139
vt 0.951867 0.205648
vt 0.953440 0.197937
vt 0.091215 0.879728
vt 0.950864 0.211624
vt 0.951867 0.209143
vt 0.953440 0.216323
vt 0.950864 0.203188
vt 0.952010 0.207393
vt 0.082351 0.865731
vt 0.951726 0.219160
vt 0.082776 0.861654
vt 0.088338 0.867690
vt 0.888583 0.969069
vt 0.891636 0.975022
vt 0.889587 0.975112
vt 0.081908 0.886871
vt 0.522087 0.715757
vt 0.531524 0.696580
vt 0.853564 0.905905
vt 0.875485 0.855447
vt 0.875487 0.903067
vt 0.848987 0.947215
vt 0.836527 0.737214
vt 0.823908 0.741054
vt 0.823907 0.774815
vt 0.965132 0.115229
vt 0.948444 0.171998
vt 0.943277 0.112180
vt 0.970299 0.175048
vt 0.778579 0.553991
vt 0.783817 0.570968
vt 0.783567 0.537011
vt 0.975134 0.254668
vt 0.984604 0.246970
vt 0.817613 0.527691
vt 0.812503 0.695758
vt 0.788972 0.404081
vt 0.195253 0.953704
vt 0.195253 0.907519
vt 0.215541 0.951393
vt 0.215541 0.905209
vt 0.870908 0.944375
vt 0.360425 0.812716
vt 0.355965 0.831408
vt 0.388447 0.813490
vt 0.394780 0.803987
vt 0.449234 0.722313
vt 0.483319 0.688235
vt 0.388463 0.915219
vt 0.525575 0.687325
vt 0.937351 0.450325
vt 0.939666 0.434577
vt 0.938995 0.450162
vt 0.946851 0.533739
vt 0.945635 0.535086
vt 0.203873 0.337172
vt 0.298890 0.579218
vt 0.297409 0.596389
vt 0.297478 0.579051
vt 0.203293 0.323692
vt 0.948170 0.532899
vt 0.949540 0.532602
vt 0.620960 0.125201
vt 0.619549 0.011818
vt 0.622565 0.012178
vt 0.624834 0.006113
vt 0.609751 0.881005
vt 0.609677 0.884083
vt 0.603673 0.881248
vt 0.223462 0.353287
vt 0.300280 0.579569
vt 0.298741 0.597438
vt 0.296099 0.595535
vt 0.299445 0.598086
vt 0.714794 0.530380
vt 0.939959 0.434645
vt 0.941053 0.450105
vt 0.296099 0.579074
vt 0.938137 0.433906
vt 0.713648 0.533312
vt 0.712255 0.534358
vt 0.507972 0.877606
vt 0.522352 0.884011
vt 0.690413 0.886720
vt 0.935845 0.538651
vt 0.943047 0.541628
vt 0.942644 0.544368
vt 0.935845 0.556897
vt 0.942564 0.548379
vt 0.942564 0.556336
vt 0.942564 0.546049
vt 0.943700 0.555268
vt 0.944572 0.557477
vt 0.942824 0.574602
vt 0.943047 0.552773
vt 0.610483 0.880994
vt 0.610356 0.881326
vt 0.952339 0.246970
vt 0.950067 0.450404
vt 0.947754 0.450398
vt 0.220590 0.388459
vt 0.202477 0.388616
vt 0.221403 0.375224
vt 0.204216 0.365670
vt 0.238500 0.391318
vt 0.219924 0.404703
vt 0.201810 0.404860
vt 0.613792 0.875473
vt 0.611320 0.878922
vt 0.222329 0.365513
vt 0.612482 0.876944
vt 0.616643 0.874241
vt 0.577552 0.127114
vt 0.583912 0.154073
vt 0.589638 0.687325
vt 0.588731 0.889659
vt 0.588463 0.687624
vt 0.945635 0.559301
vt 0.946851 0.560640
vt 0.948170 0.561443
vt 0.949535 0.574420
vt 0.949540 0.561674
vt 0.239281 0.378594
vt 0.240172 0.369257
vt 0.257064 0.376749
vt 0.936363 0.575141
vt 0.201315 0.423496
vt 0.201009 0.443802
vt 0.200907 0.465001
vt 0.219428 0.423339
vt 0.219123 0.443646
vt 0.237859 0.406938
vt 0.237382 0.424859
vt 0.237089 0.444384
vt 0.219020 0.464844
vt 0.719046 0.563523
vt 0.405535 0.568267
vt 0.589638 0.481764
vt 0.570918 0.489455
vt 0.540761 0.410355
vt 0.711976 0.534495
vt 0.693408 0.561571
vt 0.709423 0.652458
vt 0.498113 0.389984
vt 0.539709 0.369691
vt 0.535298 0.050009
vt 0.533557 0.053093
vt 0.490887 0.033541
vt 0.707839 0.327698
vt 0.683789 0.209740
vt 0.709162 0.205306
vt 0.683789 0.650504
vt 0.533265 0.053856
vt 0.498742 0.069929
vt 0.254493 0.427992
vt 0.270481 0.418150
vt 0.270097 0.432625
vt 0.302301 0.453481
vt 0.302212 0.459406
vt 0.294325 0.455238
vt 0.950379 0.759765
vt 0.951983 0.755819
vt 0.954326 0.745530
vt 0.953315 0.751012
vt 0.954976 0.739582
vt 0.948565 0.762697
vt 0.946613 0.764506
vt 0.955333 0.769222
vt 0.952728 0.775627
vt 0.284852 0.407908
vt 0.295844 0.418230
vt 0.295405 0.422831
vt 0.285443 0.401715
vt 0.949784 0.780390
vt 0.946612 0.783325
vt 0.944594 0.765118
vt 0.943335 0.784321
vt 0.950300 0.795999
vt 0.283909 0.426700
vt 0.294704 0.436792
vt 0.283593 0.438579
vt 0.539009 0.635109
vt 0.540760 0.631235
vt 0.539431 0.630598
vt 0.801199 0.355552
vt 0.801199 0.355550
vt 0.826398 0.257302
vt 0.537536 0.930080
vt 0.562745 0.934286
vt 0.561754 0.991304
vt 0.073702 0.571121
vt 0.079875 0.547474
vt 0.110430 0.602105
vt 0.183026 0.905209
vt 0.183026 0.947065
vt 0.162970 0.954380
vt 0.683789 0.515465
vt 0.095527 0.610141
vt 0.536542 0.987095
vt 0.162974 0.912524
vt 0.025480 0.015831
vt 0.066585 0.006113
vt 0.826395 0.351231
vt 0.802789 0.436390
vt 0.006113 0.069564
vt 0.827988 0.432071
vt 0.032047 0.123019
vt 0.006114 0.069565
vt 0.022250 0.075681
vt 0.065998 0.190480
vt 0.060293 0.179191
vt 0.061606 0.179263
vt 0.062966 0.179338
vt 0.061926 0.193196
vt 0.059228 0.179133
vt 0.071229 0.178323
vt 0.066203 0.179515
vt 0.081530 0.170407
vt 0.901342 0.083401
vt 0.058446 0.196379
vt 0.058571 0.179097
vt 0.061349 0.170689
vt 0.058734 0.172864
vt 0.077797 0.169644
vt 0.066746 0.169416
vt 0.630464 0.846692
vt 0.624018 0.846518
vt 0.630301 0.841052
vt 0.244647 0.189162
vt 0.218506 0.197191
vt 0.237156 0.182393
vt 0.240475 0.197765
vt 0.238577 0.213202
vt 0.241016 0.217544
vt 0.238445 0.226305
vt 0.244336 0.241675
vt 0.277901 0.241712
vt 0.251818 0.240879
vt 0.437008 0.507214
vt 0.437008 0.540830
vt 0.435807 0.533393
vt 0.888041 0.055374
vt 0.103839 0.305906
vt 0.088103 0.317108
vt 0.090033 0.305928
vt 0.252745 0.196488
vt 0.220433 0.225487
vt 0.220640 0.205005
vt 0.234912 0.206278
vt 0.449234 0.414691
vt 0.509118 0.859675
vt 0.968387 0.754040
vt 0.976018 0.760962
vt 0.968330 0.771558
vt 0.672264 0.885919
vt 0.503875 0.869939
vt 0.659429 0.873482
vt 0.667648 0.908889
vt 0.742278 0.854142
vt 0.734614 0.861037
vt 0.734302 0.830849
vt 0.627813 0.824737
vt 0.611270 0.152888
vt 0.613557 0.153583
vt 0.628233 0.824733
vt 0.616060 0.154177
vt 0.524316 0.853274
vt 0.643781 0.878785
vt 0.643781 0.850008
vt 0.613380 0.011900
vt 0.613380 0.011900
vt 0.610468 0.012339
vt 0.603673 0.899557
vt 0.609677 0.896242
vt 0.609751 0.896552
vt 0.606618 0.006355
vt 0.609751 0.899314
vt 0.146377 0.856230
vt 0.159506 0.849301
vt 0.616448 0.011724
vt 0.618219 0.124860
vt 0.113020 0.731360
vt 0.118628 0.737190
vt 0.118494 0.740295
vt 0.072544 0.770964
vt 0.087506 0.804627
vt 0.113020 0.749670
vt 0.072546 0.801917
vt 0.118628 0.743391
vt 0.100794 0.812066
vt 0.071944 0.826864
vt 0.056980 0.824153
vt 0.131293 0.859163
vt 0.131295 0.813166
vt 0.608808 0.027049
vt 0.610166 0.012416
vt 0.607502 0.012667
vt 0.608173 0.027122
vt 0.610483 0.899303
vt 0.174890 0.871844
vt 0.131293 0.955937
vt 0.150406 0.930864
vt 0.150744 0.931456
vt 0.150744 0.969757
vt 0.741967 0.823951
vt 0.375868 0.060727
vt 0.466565 0.877608
vt 0.855862 0.006143
vt 0.855387 0.534394
vt 0.854357 0.542250
vt 0.451368 0.884012
vt 0.742278 0.880184
vt 0.734645 0.873263
vt 0.696893 0.832007
vt 0.690412 0.846195
vt 0.453331 0.853272
vt 0.467711 0.859677
vt 0.164304 0.551662
vt 0.166418 0.551741
vt 0.169948 0.555764
vt 0.628499 0.837809
vt 0.624255 0.836967
vt 0.745439 0.485481
vt 0.760838 0.483785
vt 0.913414 0.050944
vt 0.913412 0.066854
vt 0.530311 0.626241
vt 0.561618 0.827520
vt 0.536542 0.828149
vt 0.538061 0.826582
vt 0.762844 0.479134
vt 0.530877 0.628293
vt 0.539740 0.823869
vt 0.572484 0.100106
vt 0.541939 0.049817
vt 0.185529 0.320696
vt 0.169127 0.546540
vt 0.168407 0.534271
vt 0.184855 0.539824
vt 0.154391 0.536889
vt 0.153760 0.526134
vt 0.154565 0.538838
vt 0.186086 0.333658
vt 0.186720 0.343260
vt 0.572484 0.115736
vt 0.850514 0.817183
vt 0.850616 0.800071
vt 0.852067 0.817028
vt 0.102120 0.324395
vt 0.108859 0.313941
vt 0.113501 0.321366
vt 0.099371 0.342330
vt 0.605517 0.012443
vt 0.605931 0.027690
vt 0.603673 0.012337
vt 0.610414 0.917414
vt 0.611320 0.901387
vt 0.612482 0.903362
vt 0.613792 0.904823
vt 0.849110 0.800990
vt 0.848987 0.817128
vt 0.284642 0.220029
vt 0.295503 0.217842
vt 0.295341 0.226793
vt 0.186527 0.563144
vt 0.185636 0.553136
vt 0.203289 0.556416
vt 0.604139 0.028503
vt 0.149413 0.928482
vt 0.295243 0.236495
vt 0.302951 0.234309
vt 0.302890 0.240285
vt 0.623766 0.863145
vt 0.618163 0.874550
vt 0.284860 0.207982
vt 0.271537 0.199588
vt 0.285156 0.197408
vt 0.604569 0.917648
vt 0.272291 0.214160
vt 0.271302 0.212580
vt 0.619609 0.875453
vt 0.615197 0.905711
vt 0.616896 0.917320
vt 0.630759 0.863334
vt 0.616643 0.905993
vt 0.284511 0.233085
vt 0.562688 0.866445
vt 0.537480 0.862239
vt 0.153213 0.263091
vt 0.167955 0.265492
vt 0.153387 0.278954
vt 0.067440 0.201417
vt 0.076328 0.278053
vt 0.078781 0.295066
vt 0.074499 0.280944
vt 0.168471 0.300251
vt 0.168895 0.314835
vt 0.072536 0.282707
vt 0.067380 0.222143
vt 0.064250 0.204277
vt 0.077948 0.274142
vt 0.167883 0.246648
vt 0.153149 0.246575
vt 0.079298 0.269363
vt 0.080327 0.263900
vt 0.168154 0.283589
vt 0.080996 0.257961
vt 0.303186 0.223958
vt 0.303050 0.228797
vt 0.154486 0.316815
vt 0.154036 0.306342
vt 0.169408 0.326782
vt 0.061284 0.208973
vt 0.065551 0.225038
vt 0.058653 0.215324
vt 0.056940 0.194779
vt 0.057171 0.194417
vt 0.927088 0.640748
vt 0.933022 0.635254
vt 0.935935 0.648165
vt 0.930734 0.652979
vt 0.072624 0.302622
vt 0.075814 0.299762
vt 0.076495 0.316964
vt 0.606327 0.934832
vt 0.611713 0.934617
vt 0.925904 0.660788
vt 0.934410 0.668022
vt 0.154998 0.324571
vt 0.169992 0.335632
vt 0.060600 0.251311
vt 0.613600 0.950253
vt 0.618836 0.950176
vt 0.617687 0.934530
vt 0.060883 0.245125
vt 0.061551 0.239186
vt 0.131294 0.905209
vt 0.148734 0.924252
vt 0.148848 0.926247
vt 0.150742 0.920606
vt 0.149851 0.921268
vt 0.063931 0.228944
vt 0.150742 0.919026
vt 0.062581 0.233724
vt 0.937975 0.685294
vt 0.930446 0.674429
vt 0.941308 0.646533
vt 0.943088 0.662734
vt 0.938679 0.664072
vt 0.141056 0.505047
vt 0.132037 0.503434
vt 0.131721 0.495501
vt 0.141481 0.515724
vt 0.053399 0.203323
vt 0.056458 0.223083
vt 0.141524 0.295540
vt 0.153665 0.293558
vt 0.141999 0.524549
vt 0.079879 0.719134
vt 0.077692 0.718825
vt 0.078562 0.716631
vt 0.056365 0.196869
vt 0.058250 0.179079
vt 0.131293 0.466691
vt 0.141219 0.285048
vt 0.131834 0.282838
vt 0.131608 0.275043
vt 0.141893 0.304133
vt 0.131342 0.476769
vt 0.140991 0.273062
vt 0.053241 0.251641
vt 0.140546 0.479839
vt 0.131487 0.486497
vt 0.140740 0.492930
vt 0.053700 0.241598
vt 0.054787 0.231955
vt 0.668055 0.818354
vt 0.667292 0.818387
vt 0.660175 0.460861
vt 0.668510 0.818340
vt 0.720188 0.922491
vt 0.975961 0.778480
vt 0.497799 0.846997
vt 0.504912 0.831536
vt 0.167816 0.519429
vt 0.975962 0.745456
vt 0.152858 0.498361
vt 0.153243 0.513125
vt 0.868755 0.006124
vt 0.656569 0.290028
vt 0.660281 0.460712
vt 0.675831 0.845549
vt 0.675674 0.845457
vt 0.692278 0.854977
vt 0.666644 0.461124
vt 0.670171 0.818309
vt 0.663426 0.459645
vt 0.661800 0.460417
vt 0.673722 0.844781
vt 0.674131 0.854175
vt 0.674155 0.845822
vt 0.665045 0.460503
vt 0.670105 0.461424
vt 0.670958 0.818308
vt 0.668137 0.461479
vt 0.668772 0.849354
vt 0.661296 0.865478
vt 0.666962 0.850061
vt 0.283399 0.451524
vt 0.294470 0.445619
vt 0.284334 0.416343
vt 0.270999 0.405531
vt 0.667315 0.306216
vt 0.669467 0.460406
vt 0.666616 0.458283
vt 0.302640 0.443307
vt 0.295020 0.429097
vt 0.302446 0.448047
vt 0.670251 0.844964
vt 0.668878 0.845822
vt 0.665782 0.830630
vt 0.671206 0.847228
vt 0.669993 0.848439
vt 0.672348 0.845783
vt 0.475508 0.831536
vt 0.480646 0.846999
vt 0.671890 0.844613
vt 0.471411 0.823869
vt 0.449234 0.845605
vt 0.927137 0.732874
vt 0.142033 0.524929
vt 0.643781 0.007091
vt 0.653813 0.278846
vt 0.872405 0.675317
vt 0.801199 0.261625
vt 0.019829 0.135836
vt 0.215948 0.762177
vt 0.184214 0.523717
vt 0.201810 0.525823
vt 0.081412 0.288719
vt 0.296300 0.198711
vt 0.285518 0.188714
vt 0.285933 0.182232
vt 0.295992 0.203528
vt 0.095529 0.660928
vt 0.110430 0.673208
vt 0.295723 0.209986
vt 0.827988 0.205306
vt 0.802729 0.211678
vt 0.806730 0.208999
vt 0.806683 0.208959
vt 0.057065 0.174252
vt 0.079124 0.702339
vt 0.076417 0.689658
vt 0.271898 0.186704
vt 0.167015 0.465530
vt 0.152541 0.465881
vt 0.261736 0.195416
vt 0.256278 0.184544
vt 0.152621 0.482410
vt 0.167107 0.484387
vt 0.167377 0.502585
vt 0.091723 0.288171
vt 0.091726 0.286524
vt 0.271272 0.214267
vt 0.183345 0.465233
vt 0.232478 0.734269
vt 0.220679 0.746687
vt 0.658726 0.296447
vt 0.183445 0.485695
vt 0.183738 0.505441
vt 0.660930 0.301398
vt 0.661779 0.459292
vt 0.665211 0.306272
vt 0.665014 0.458048
vt 0.665046 0.306286
vt 0.620930 0.876915
vt 0.622861 0.880952
vt 0.668888 0.304619
vt 0.671501 0.296165
vt 0.873068 0.815296
vt 0.871553 0.815686
vt 0.870017 0.815958
vt 0.671562 0.818324
vt 0.435472 0.735797
vt 0.623725 0.884035
vt 0.630910 0.881154
vt 0.624200 0.887027
vt 0.623637 0.883719
vt 0.623637 0.880957
vt 0.622996 0.881283
vt 0.206657 0.754590
vt 0.210233 0.762733
vt 0.182043 0.766772
vt 0.214224 0.763944
vt 0.785198 0.163987
vt 0.794412 0.192695
vt 0.734524 0.187384
vt 0.726137 0.193079
vt 0.692175 0.130535
vt 0.326198 0.914257
vt 0.315431 0.935232
vt 0.315431 0.907444
vt 0.272339 0.176113
vt 0.086859 0.322311
vt 0.072202 0.320810
vt 0.624360 0.890130
vt 0.955696 0.504442
vt 0.954911 0.490331
vt 0.273393 0.163322
vt 0.272844 0.168218
vt 0.257533 0.157197
vt 0.315432 0.937514
vt 0.315450 0.935396
vt 0.326198 0.974696
vt 0.622996 0.898928
vt 0.623637 0.896504
vt 0.623637 0.899266
vt 0.622861 0.899261
vt 0.258160 0.151613
vt 0.256957 0.166205
vt 0.256453 0.178291
vt 0.630910 0.899463
vt 0.623766 0.917368
vt 0.253962 0.179458
vt 0.071288 0.336572
vt 0.076518 0.331880
vt 0.221403 0.556259
vt 0.202477 0.542573
vt 0.220590 0.542416
vt 0.222329 0.566668
vt 0.204216 0.566825
vt 0.623725 0.896193
vt 0.624200 0.893227
vt 0.239419 0.172489
vt 0.930260 0.704270
vt 0.927565 0.722831
vt 0.239965 0.159376
vt 0.928620 0.713173
vt 0.239178 0.181088
vt 0.909871 0.458305
vt 0.923618 0.452442
vt 0.914279 0.478077
vt 0.131438 0.266137
vt 0.856087 0.006137
vt 0.856292 0.527814
vt 0.131332 0.256463
vt 0.140796 0.246488
vt 0.140848 0.260044
vt 0.205118 0.748197
vt 0.131293 0.246392
vt 0.169452 0.890047
vt 0.196645 0.873062
vt 0.049929 0.827358
vt 0.077445 0.845424
vt 0.692176 0.055448
vt 0.714418 0.068975
vt 0.941148 0.682360
vt 0.302809 0.927527
vt 0.292650 0.932681
vt 0.300087 0.869910
vt 0.935031 0.690058
vt 0.932426 0.696466
vt 0.926941 0.683051
vt 0.113794 0.863636
vt 0.115278 0.915414
vt 0.103479 0.858391
vt 0.104963 0.910169
vt 0.944425 0.681367
vt 0.261679 0.694705
vt 0.252908 0.689476
vt 0.261736 0.642376
vt 0.283790 0.704396
vt 0.283872 0.628803
vt 0.714418 0.120953
vt 0.289928 0.875064
vt 0.292650 0.800170
vt 0.302809 0.795017
vt 0.683789 0.136231
vt 0.854696 0.796497
vt 0.855013 0.817007
vt 0.853640 0.797596
vt 0.853587 0.816663
vt 0.905677 0.010547
vt 0.931051 0.006113
vt 0.956238 0.520569
vt 0.950909 0.532900
vt 0.667013 0.818404
vt 0.222084 0.735182
vt 0.459308 0.928457
vt 0.458881 0.929026
vt 0.459309 0.917974
vt 0.271630 0.395255
vt 0.670317 0.276486
vt 0.669910 0.006489
vt 0.671562 0.006582
vt 0.856291 0.547097
vt 0.856292 0.817142
vt 0.622070 0.901350
vt 0.662437 0.006549
vt 0.664933 0.276227
vt 0.662764 0.276443
vt 0.620930 0.903333
vt 0.937380 0.592688
vt 0.943334 0.592191
vt 0.944075 0.608421
vt 0.938857 0.608857
vt 0.949496 0.608275
vt 0.949519 0.592024
vt 0.256243 0.385355
vt 0.449234 0.965726
vt 0.456416 0.944531
vt 0.457065 0.945814
vt 0.255523 0.397082
vt 0.743736 0.160310
vt 0.449234 0.924133
vt 0.456427 0.934764
vt 0.455977 0.936916
vt 0.946031 0.799946
vt 0.457080 0.932680
vt 0.941622 0.801288
vt 0.272350 0.387713
vt 0.647806 0.007189
vt 0.656305 0.277876
vt 0.654444 0.278554
vt 0.945018 0.622671
vt 0.949467 0.622550
vt 0.940735 0.623028
vt 0.254932 0.411479
vt 0.254223 0.445990
vt 0.269859 0.448401
vt 0.241270 0.143541
vt 0.240590 0.149602
vt 0.449234 0.140906
vt 0.468196 0.148664
vt 0.468196 0.239897
vt 0.315433 0.486202
vt 0.330643 0.475703
vt 0.334418 0.495974
vt 0.733212 0.323264
vt 0.449234 0.265314
vt 0.329443 0.463980
vt 0.329783 0.468506
vt 0.202215 0.225466
vt 0.202422 0.204985
vt 0.490358 0.346116
vt 0.220981 0.186105
vt 0.202764 0.186085
vt 0.783818 0.653825
vt 0.754505 0.645206
vt 0.778580 0.673671
vt 0.225506 0.186693
vt 0.224626 0.184596
vt 0.334997 0.498133
vt 0.329085 0.507510
vt 0.848987 0.832250
vt 0.853564 0.858288
vt 0.870908 0.829409
vt 0.891064 0.474499
vt 0.895462 0.462435
vt 0.965131 0.046515
vt 0.948442 0.006113
vt 0.970299 0.009161
vt 0.943277 0.043470
vt 0.021121 0.389652
vt 0.911829 0.325151
vt 0.836527 0.785983
vt 0.812502 0.813492
vt 0.807276 0.793863
vt 0.765636 0.294148
vt 0.788971 0.296833
vt 0.745439 0.205306
vt 0.768769 0.207990
vt 0.297393 0.600284
vt 0.538509 0.051412
vt 0.538014 0.049848
vt 0.549793 0.006113
vt 0.956037 0.247271
vt 0.961392 0.450381
vt 0.959433 0.450209
vt 0.946100 0.450372
vt 0.949548 0.247064
vt 0.947731 0.247251
vt 0.938300 0.430467
vt 0.947071 0.247130
vt 0.296099 0.782790
vt 0.296100 0.598983
vt 0.957111 0.450142
vt 0.955094 0.247221
vt 0.955728 0.247349
vt 0.954517 0.450297
vt 0.954040 0.247074
vt 0.956830 0.247153
vt 0.962908 0.450404
vt 0.957860 0.247281
vt 0.943452 0.450272
vt 0.948569 0.247206
vt 0.939699 0.433832
vt 0.948003 0.247331
vt 0.588198 0.889472
vt 0.587153 0.688024
vt 0.619609 0.904803
vt 0.618163 0.905701
vt 0.240172 0.562680
vt 0.630759 0.917558
vt 0.238500 0.539359
vt 0.256243 0.545785
vt 0.239281 0.552671
vt 0.219924 0.525666
vt 0.237859 0.523252
vt 0.201315 0.506817
vt 0.589638 0.606523
vt 0.570917 0.580946
vt 0.255523 0.533516
vt 0.219123 0.486121
vt 0.201009 0.486277
vt 0.219428 0.506660
vt 0.237382 0.504976
vt 0.254932 0.518674
vt 0.719048 0.744347
vt 0.693410 0.742394
vt 0.271630 0.535874
vt 0.272350 0.543959
vt 0.630464 0.934749
vt 0.630035 0.950368
vt 0.624385 0.950215
vt 0.624018 0.934574
vt 0.498742 0.290187
vt 0.490888 0.333890
vt 0.257064 0.555010
vt 0.716643 0.783412
vt 0.742278 0.785366
vt 0.946648 0.648146
vt 0.947470 0.664056
vt 0.285443 0.529945
vt 0.284852 0.523312
vt 0.286084 0.534137
vt 0.273131 0.549066
vt 0.283909 0.503809
vt 0.270481 0.512110
vt 0.270999 0.525119
vt 0.295405 0.508582
vt 0.284334 0.514487
vt 0.295020 0.502022
vt 0.295844 0.513514
vt 0.953634 0.690024
vt 0.949184 0.704122
vt 0.950791 0.685271
vt 0.947680 0.682348
vt 0.947271 0.702323
vt 0.951655 0.667991
vt 0.955239 0.733400
vt 0.955107 0.727215
vt 0.954583 0.721268
vt 0.953688 0.715790
vt 0.952457 0.710988
vt 0.302212 0.471794
vt 0.294276 0.465279
vt 0.302301 0.477786
vt 0.302446 0.483329
vt 0.956103 0.696424
vt 0.950937 0.707051
vt 0.294704 0.494089
vt 0.302640 0.488216
vt 0.185020 0.188376
vt 0.184691 0.206551
vt 0.184492 0.226245
vt 0.203228 0.169501
vt 0.329084 0.577978
vt 0.221445 0.169521
vt 0.911252 0.557043
vt 0.888040 0.553464
vt 0.098493 0.412390
vt 0.180808 0.091089
vt 0.222663 0.145716
vt 0.222013 0.155881
vt 0.203795 0.155860
vt 0.204446 0.145695
vt 0.962676 0.521110
vt 0.963209 0.538656
vt 0.956434 0.544370
vt 0.956031 0.541630
vt 0.956514 0.538093
vt 0.955379 0.539096
vt 0.952227 0.533740
vt 0.953443 0.535087
vt 0.954506 0.536893
vt 0.910284 0.838663
vt 0.907992 0.838723
vt 0.898665 0.635521
vt 0.716640 0.527691
vt 0.955379 0.555270
vt 0.956514 0.556339
vt 0.954506 0.557478
vt 0.900970 0.839264
vt 0.898644 0.839324
vt 0.894125 0.635314
vt 0.956514 0.546051
vt 0.956031 0.552776
vt 0.956514 0.548381
vt 0.963209 0.556902
vt 0.950909 0.561443
vt 0.582918 0.687325
vt 0.584325 0.687453
vt 0.582918 0.687325
vt 0.952227 0.560641
vt 0.956238 0.574604
vt 0.888040 0.839324
vt 0.888040 0.839324
vt 0.889736 0.839190
vt 0.953443 0.559303
vt 0.962676 0.575145
vt 0.186012 0.159316
vt 0.186637 0.149541
vt 0.185466 0.172429
vt 0.169340 0.166107
vt 0.153199 0.230047
vt 0.167939 0.227792
vt 0.168425 0.192891
vt 0.168122 0.209638
vt 0.153985 0.186572
vt 0.153625 0.199456
vt 0.153359 0.214134
vt 0.168836 0.178193
vt 0.934752 0.739618
vt 0.927352 0.742916
vt 0.131583 0.217658
vt 0.140968 0.219868
vt 0.131421 0.226610
vt 0.141186 0.207821
vt 0.140837 0.232924
vt 0.131323 0.236312
vt 0.141482 0.197247
vt 0.942588 0.764513
vt 0.940674 0.762711
vt 0.938921 0.759785
vt 0.868519 0.006139
vt 0.868519 0.816107
vt 0.869236 0.006113
vt 0.663116 0.304747
vt 0.663377 0.458391
vt 0.734614 0.804486
vt 0.742278 0.797592
vt 0.500815 0.823869
vt 0.968330 0.738535
vt 0.659430 0.856696
vt 0.667132 0.848886
vt 0.154370 0.892982
vt 0.412439 0.966049
vt 0.196650 0.799026
vt 0.044425 0.734072
vt 0.975279 0.432392
vt 0.021076 0.767430
vt 0.049926 0.752632
vt 0.034364 0.774869
vt 0.627451 0.824739
vt 0.852192 0.788674
vt 0.855624 0.006141
vt 0.853894 0.545909
vt 0.873630 0.674692
vt 0.066380 0.936492
vt 0.066284 0.960713
vt 0.054812 0.971726
vt 0.021077 0.813858
vt 0.034362 0.805821
vt 0.054812 0.924113
vt 0.066284 0.913095
vt 0.196950 0.855170
vt 0.196948 0.824506
vt 0.212031 0.821573
vt 0.006113 0.764716
vt 0.029461 0.731360
vt 0.869462 0.006118
vt 0.181567 0.801961
vt 0.225163 0.814639
vt 0.212030 0.852239
vt 0.225163 0.860639
vt 0.006113 0.811146
vt 0.315431 0.967884
vt 0.211974 0.764143
vt 0.578077 0.937024
vt 0.577796 0.901933
vt 0.589359 0.912904
vt 0.044425 0.846165
vt 0.589638 0.947992
vt 0.202084 0.891876
vt 0.589361 0.984327
vt 0.577796 0.973357
vt 0.666965 0.276162
vt 0.665609 0.006826
vt 0.668782 0.276250
vt 0.054910 0.947506
vt 0.966612 0.827590
vt 0.976928 0.832835
vt 0.659419 0.006187
vt 0.660546 0.276800
vt 0.653285 0.006329
vt 0.656326 0.006113
vt 0.103479 0.950228
vt 0.232615 0.607930
vt 0.241811 0.579051
vt 0.455745 0.939050
vt 0.455742 0.941081
vt 0.223707 0.729040
vt 0.457908 0.930743
vt 0.869668 0.006130
vt 0.874739 0.674213
vt 0.630193 0.154724
vt 0.631553 0.154278
vt 0.631554 0.824679
vt 0.628611 0.517527
vt 0.626289 0.155169
vt 0.855371 0.546700
vt 0.834403 0.843002
vt 0.457891 0.946734
vt 0.850690 0.787750
vt 0.855138 0.006113
vt 0.455969 0.942931
vt 0.604477 0.040163
vt 0.606151 0.035912
vt 0.647500 0.007243
vt 0.937401 0.755845
vt 0.936171 0.751042
vt 0.935276 0.745564
vt 0.931656 0.769265
vt 0.929655 0.761468
vt 0.928203 0.752571
vt 0.940079 0.783337
vt 0.936969 0.780413
vt 0.934125 0.775660
vt 0.937241 0.799962
vt 0.658365 0.277287
vt 0.650411 0.006827
vt 0.650114 0.006912
vt 0.302182 0.465587
vt 0.667785 0.006584
vt 0.665259 0.006787
vt 0.662760 0.006621
vt 0.671505 0.276865
vt 0.933055 0.796030
vt 0.853655 0.792098
vt 0.854346 0.546171
vt 0.929227 0.789633
vt 0.925904 0.781024
vt 0.131803 0.209802
vt 0.379831 0.299146
vt 0.141844 0.188553
vt 0.955696 0.592193
vt 0.954911 0.608423
vt 0.961630 0.592692
vt 0.960110 0.608861
vt 0.169916 0.157098
vt 0.623898 0.155151
vt 0.873630 0.674693
vt 0.934182 0.813750
vt 0.939522 0.815363
vt 0.929083 0.808955
vt 0.119067 0.112379
vt 0.102930 0.106262
vt 0.357040 0.940427
vt 0.356497 0.938461
vt 0.365778 0.907444
vt 0.113794 0.955474
vt 0.182244 0.584280
vt 0.355703 0.936872
vt 0.355703 0.913603
vt 0.105349 0.046107
vt 0.093133 0.058924
vt 0.358862 0.399334
vt 0.372277 0.316197
vt 0.334788 0.354286
vt 0.927038 0.889653
vt 0.942435 0.887011
vt 0.941530 0.888764
vt 0.021018 0.641902
vt 0.012022 0.651208
vt 0.576626 0.237299
vt 0.376470 0.306656
vt 0.011705 0.668348
vt 0.006115 0.658355
vt 0.927040 0.956747
vt 0.952238 0.896450
vt 0.360491 0.354813
vt 0.078607 0.954935
vt 0.084696 0.942333
vt 0.085260 0.944926
vt 0.086081 0.947465
vt 0.087123 0.949847
vt 0.191379 0.611550
vt 0.084405 0.937362
vt 0.078607 0.913095
vt 0.085250 0.933296
vt 0.627276 0.517890
vt 0.086065 0.931806
vt 0.087105 0.930752
vt 0.755948 0.016968
vt 0.084408 0.939778
vt 0.088351 0.951986
vt 0.609788 0.152312
vt 0.618686 0.154648
vt 0.621330 0.154976
vt 0.625853 0.518511
vt 0.089374 0.961747
vt 0.613557 0.153582
vt 0.626099 0.125400
vt 0.625718 0.012426
vt 0.628300 0.125249
vt 0.357318 0.942697
vt 0.873755 0.694863
vt 0.757719 0.008170
vt 0.629957 0.011988
vt 0.631554 0.124477
vt 0.630143 0.124939
vt 0.355707 0.936876
vt 0.173473 0.579051
vt 0.131293 0.636199
vt 0.356488 0.950438
vt 0.365778 0.967523
vt 0.355704 0.952972
vt 0.357314 0.945187
vt 0.357034 0.947800
vt 0.849199 0.789350
vt 0.627161 0.824741
vt 0.794412 0.011425
vt 0.785196 0.038494
vt 0.776403 0.029295
vt 0.776864 0.037756
vt 0.776810 0.044190
vt 0.806128 0.083546
vt 0.773768 0.009594
vt 0.773791 0.009682
vt 0.775320 0.018836
vt 0.089374 0.953338
vt 0.355703 0.973681
vt 0.498796 0.651347
vt 0.385341 0.313872
vt 0.498346 0.649512
vt 0.623620 0.125383
vt 0.625375 0.012393
vt 0.874508 0.815705
vt 0.874959 0.703910
vt 0.875813 0.815996
vt 0.631554 0.012003
vt 0.627868 0.012146
vt 0.874963 0.703911
vt 0.608226 0.029215
vt 0.613117 0.133496
vt 0.615502 0.124467
vt 0.615534 0.124381
vt 0.154426 0.175981
vt 0.142258 0.182071
vt 0.154931 0.168086
vt 0.315431 0.006113
vt 0.265927 0.778998
vt 0.536792 0.048929
vt 0.778528 0.803632
vt 0.783755 0.787037
vt 0.812625 0.664350
vt 0.807389 0.647370
vt 0.836700 0.622707
vt 0.244004 0.781836
vt 0.788806 0.636845
vt 0.812376 0.630394
vt 0.754505 0.843002
vt 0.776356 0.846049
vt 0.782952 0.820914
vt 0.816926 0.830775
vt 0.888040 0.920729
vt 0.907489 0.875845
vt 0.907488 0.934547
vt 0.341134 0.006637
vt 0.112309 0.416448
vt 0.315431 0.581835
vt 0.923618 0.623028
vt 0.824055 0.618542
vt 0.894292 0.839284
vt 0.302809 0.579136
vt 0.298337 0.782696
vt 0.301606 0.579261
vt 0.905417 0.838998
vt 0.898033 0.635427
vt 0.899739 0.635254
vt 0.900732 0.635280
vt 0.913678 0.838598
vt 0.586481 0.889707
vt 0.890898 0.635720
vt 0.891474 0.635595
vt 0.891847 0.839137
vt 0.892465 0.635444
vt 0.896981 0.635328
vt 0.898967 0.635425
vt 0.912210 0.838704
vt 0.585755 0.687689
vt 0.587631 0.889686
vt 0.890616 0.635639
vt 0.889928 0.635506
vt 0.902653 0.839192
vt 0.351475 0.642117
vt 0.900403 0.619450
vt 0.611050 0.143876
vt 0.533062 0.634559
vt 0.852147 0.798922
vt 0.149074 0.922570
vt 0.570667 0.688706
vt 0.570692 0.688737
vt 0.570549 0.701500
vt 0.569582 0.715629
vt 0.075035 0.175992
vt 0.075032 0.176078
vt 0.075007 0.176956
vt 0.074968 0.176952
vt 0.074683 0.176926
vt 0.071347 0.169593
vt 0.074892 0.175979
vt 0.075017 0.175990
vt 0.061232 0.179325
vt 0.058210 0.179083
vt 0.432270 0.635131
vt 0.432270 0.634370
vt 0.432271 0.633999
vt 0.432344 0.633997
vt 0.433276 0.638048
vt 0.432269 0.643204
vt 0.432270 0.639457
vt 0.432269 0.637882
vt 0.432270 0.636363
vt 0.433421 0.621770
vt 0.432269 0.615404
vt 0.433421 0.610663
s 0
usemtl material_0.001
f 1/1/1 2/2/1 3/3/1
f 1/1/1 3/3/1 4/4/1
f 5/5/2 1/6/2 4/7/2
f 5/5/2 4/7/2 6/8/2
f 3/9/3 7/10/3 4/11/3
f 7/10/3 3/9/3 8/12/3
f 9/13/4 1/14/4 10/15/4
f 1/14/4 9/13/4 2/16/4
f 7/17/5 11/18/5 12/19/5
f 11/18/5 7/17/5 8/20/5
f 13/21/6 14/22/6 16/23/6 15/24/6
f 15/24/7 16/23/7 18/25/7 17/26/7
f 17/27/8 18/28/8 20/29/8 19/30/8
f 19/30/9 20/29/9 22/31/9 21/32/9
f 21/32/10 22/31/10 24/33/10 23/34/10
f 23/34/11 24/33/11 26/35/11 25/36/11
f 25/37/12 26/38/12 28/39/12 27/40/12
f 27/40/13 28/39/13 30/41/13 29/42/13
f 29/42/14 30/41/14 32/43/14 31/44/14
f 31/45/15 32/46/15 34/47/15 33/48/15
f 33/48/16 34/47/16 36/49/16 35/50/16
f 35/50/17 36/49/17 38/51/17 37/52/17
f 37/52/18 38/51/18 40/53/18 39/54/18
f 43/55/19 16/56/19 14/57/19 42/58/19 44/59/19 54/60/19
f 42/58/19 40/61/19 38/62/19 36/63/19 34/64/19 32/65/19 30/66/19 28/67/19 26/68/19 24/69/19 22/70/19 20/71/19 18/72/19 16/56/19 43/55/19 50/73/19 56/74/19 49/75/19 53/76/19 48/77/19 57/78/19 47/79/19 52/80/19 46/81/19 55/82/19 45/83/19 51/84/19 44/59/19
f 39/85/20 40/86/20 42/87/20 41/88/20
f 41/88/21 42/87/21 14/22/21 13/21/21
f 41/89/22 13/90/22 15/91/22 69/92/22 58/93/22 65/94/22
f 69/92/22 15/91/22 17/95/22 19/96/22 21/97/22 23/98/22 25/99/22 27/100/22 29/101/22 31/102/22 33/103/22 35/104/22 37/105/22 39/106/22 41/89/22 65/94/22 70/107/22 64/108/22 68/109/22 63/110/22 72/111/22 62/112/22 67/113/22 61/114/22 71/115/22 60/116/22 66/117/22 59/118/22
f 69/119/23 43/120/23 54/121/23 58/122/23
f 59/123/24 50/124/24 43/120/24 69/119/24
f 56/125/25 50/126/25 59/127/25 66/128/25
f 49/129/26 56/125/26 66/128/26 60/130/26
f 53/131/27 49/129/27 60/130/27 71/132/27
f 48/133/28 53/131/28 71/132/28 61/134/28
f 57/135/29 48/136/29 61/137/29 67/138/29
f 47/139/30 57/135/30 67/138/30 62/140/30
f 52/141/31 47/139/31 62/140/31 72/142/31
f 63/143/32 46/144/32 52/145/32 72/146/32
f 68/147/33 55/148/33 46/144/33 63/143/33
f 64/149/34 45/150/34 55/148/34 68/147/34
f 70/151/35 51/152/35 45/150/35 64/149/35
f 65/153/36 44/154/36 51/155/36 70/156/36
f 58/122/37 54/121/37 44/154/37 65/153/37
f 73/157/38 74/158/38 75/159/38
f 76/160/39 75/161/39 77/162/39
f 78/163/40 76/160/40 77/162/40
f 79/164/41 76/165/41 78/166/41
f 80/167/42 76/165/42 79/164/42
f 76/168/43 81/169/43 75/170/43
f 75/170/44 81/169/44 73/171/44
f 79/172/45 82/173/45 83/174/45
f 78/163/46 77/162/46 84/175/46
f 78/166/47 84/176/47 79/164/47
f 82/177/47 79/164/47 84/176/47
f 85/178/48 86/179/48 87/180/48
f 77/162/46 88/181/46 84/175/46
f 89/182/49 88/183/49 77/184/49
f 84/185/50 90/186/50 82/187/50
f 84/185/51 91/188/51 90/186/51
f 89/189/45 83/174/45 82/173/45
f 92/190/52 93/191/52 95/192/52
f 96/193/53 92/190/53 95/192/53
f 98/194/54 99/195/54 100/196/54
f 98/194/54 101/197/54 99/195/54
f 102/198/55 103/199/55 104/200/55
f 105/201/56 95/192/56 106/202/56
f 95/192/56 93/191/56 107/203/56
f 95/192/56 107/203/56 108/204/56
f 95/192/56 108/204/56 109/205/56
f 109/205/56 106/202/56 95/192/56
f 110/206/57 111/207/57 108/208/57
f 112/209/58 110/206/58 107/210/58
f 107/210/59 110/206/59 108/208/59
f 111/207/60 109/211/60 108/208/60
f 113/212/61 107/203/61 93/191/61
f 93/191/62 92/190/62 113/212/62
f 113/212/63 112/213/63 107/203/63
f 111/214/64 114/215/64 109/205/64
f 105/201/65 106/202/65 115/216/65
f 105/201/66 115/216/66 116/217/66
f 114/215/67 115/216/67 106/202/67
f 106/202/68 109/205/68 114/215/68
f 117/218/2 118/219/2 119/220/2
f 120/221/2 119/220/2 118/219/2
f 121/222/2 122/223/2 118/219/2
f 122/223/2 120/221/2 118/219/2
f 118/219/2 123/224/2 121/222/2
f 124/225/2 121/222/2 123/224/2
f 125/226/19 126/227/19 127/228/19
f 128/229/19 126/227/19 129/230/19
f 130/231/69 126/227/69 128/229/69
f 131/232/19 132/233/19 133/234/19
f 126/227/19 133/234/19 132/233/19
f 132/233/19 134/235/19 126/227/19
f 126/227/70 134/235/70 135/236/70
f 135/236/19 136/237/19 126/227/19
f 136/237/19 129/230/19 126/227/19
f 130/231/19 127/228/19 126/227/19
f 137/238/19 138/239/19 125/226/19
f 126/227/19 125/226/19 138/239/19
f 139/240/71 140/241/71 141/242/71
f 142/243/71 141/242/71 140/241/71
f 143/244/19 144/245/19 137/238/19
f 145/246/72 146/247/72 137/238/72
f 147/248/19 137/238/19 148/249/19
f 137/238/73 146/247/73 149/250/73
f 149/250/19 148/249/19 137/238/19
f 147/248/19 143/244/19 137/238/19
f 137/238/19 144/245/19 138/239/19
f 151/251/74 152/252/74 153/253/74
f 154/254/75 152/252/75 151/251/75
f 155/255/46 84/175/46 88/181/46
f 156/256/76 157/257/76 158/258/76
f 159/259/76 158/258/76 157/257/76
f 160/260/77 161/261/77 162/262/77
f 90/263/45 163/264/45 89/189/45
f 82/173/45 90/263/45 89/189/45
f 163/265/78 164/266/78 155/267/78
f 165/268/79 166/269/79 167/270/79
f 165/268/80 158/271/80 166/269/80
f 165/272/81 156/273/81 158/274/81
f 168/275/82 169/276/82 161/261/82
f 160/260/83 168/275/83 161/261/83
f 170/277/84 171/278/84 172/279/84
f 173/280/84 172/279/84 171/278/84
f 171/278/85 174/281/85 175/282/85
f 176/283/22 177/284/22 178/285/22
f 172/279/84 173/280/84 178/286/84
f 179/287/86 180/288/86 181/289/86
f 182/290/2 170/291/2 183/292/2
f 172/293/2 181/294/2 170/291/2
f 179/295/22 181/296/22 177/284/22
f 181/296/22 178/285/22 177/284/22
f 172/297/22 178/285/22 181/296/22
f 184/298/87 185/299/87 186/300/87
f 186/300/2 181/294/2 184/298/2
f 187/301/88 188/302/88 189/303/88
f 183/292/89 186/300/89 190/304/89
f 183/292/2 170/291/2 186/300/2
f 182/290/90 183/292/90 190/304/90
f 190/304/87 191/305/87 182/290/87
f 174/281/91 190/306/91 192/307/91
f 170/277/84 191/308/84 190/306/84
f 193/309/92 194/310/92 195/311/92
f 170/291/2 182/290/2 191/305/2
f 196/312/93 197/313/93 198/314/93
f 190/306/94 171/278/94 170/277/94
f 190/306/95 174/281/95 171/278/95
f 181/294/2 186/300/2 170/291/2
f 196/312/96 195/311/96 194/310/96
f 194/310/97 193/309/97 161/261/97
f 199/315/86 181/289/86 200/316/86
f 181/289/86 180/288/86 201/317/86
f 181/289/86 201/317/86 202/318/86
f 202/318/86 200/316/86 181/289/86
f 203/319/98 204/320/98 196/312/98
f 205/321/99 206/322/99 207/323/99
f 205/324/100 208/325/100 206/326/100
f 209/327/101 210/328/101 119/220/101
f 211/329/102 212/330/102 213/331/102
f 211/329/103 213/331/103 214/332/103
f 211/333/104 214/334/104 171/335/104
f 120/221/105 209/327/105 119/220/105
f 215/336/94 176/337/94 173/280/94
f 119/220/106 216/338/106 217/339/106
f 210/328/107 216/338/107 119/220/107
f 122/223/108 218/340/108 120/221/108
f 120/221/109 219/341/109 209/327/109
f 173/280/110 214/332/110 220/342/110
f 120/221/111 221/343/111 219/341/111
f 171/278/112 214/332/112 173/280/112
f 120/221/113 218/340/113 221/343/113
f 222/344/114 122/223/114 223/345/114
f 222/344/115 218/340/115 122/223/115
f 224/346/116 211/333/116 171/335/116
f 225/347/117 226/348/117 227/349/117
f 227/349/118 228/350/118 225/347/118
f 225/351/119 228/352/119 229/353/119
f 230/354/120 228/355/120 227/356/120
f 230/354/121 231/354/121 228/355/121
f 232/357/56 233/358/56 234/359/56
f 103/360/122 98/361/122 235/362/122
f 103/360/122 235/362/122 236/363/122
f 237/364/56 234/359/56 233/358/56
f 238/365/56 234/359/56 237/364/56
f 239/366/56 233/358/56 240/367/56
f 240/367/56 233/358/56 241/368/56
f 241/368/56 233/358/56 232/357/56
f 235/362/123 98/361/123 100/369/123
f 242/370/123 235/362/123 100/369/123
f 243/371/124 103/372/124 244/373/124
f 242/374/125 100/375/125 243/371/125
f 243/371/125 244/373/125 242/374/125
f 96/193/126 245/376/126 92/190/126
f 96/193/126 246/377/126 245/376/126
f 247/378/127 92/379/127 245/380/127
f 113/381/128 92/379/128 247/378/128
f 248/382/129 113/381/129 247/378/129
f 249/383/130 250/384/130 251/385/130
f 252/386/131 245/387/131 253/388/131
f 249/383/132 245/387/132 252/386/132
f 249/383/133 252/386/133 250/384/133
f 245/387/134 246/389/134 254/390/134
f 253/388/135 245/387/135 255/391/135
f 246/389/136 256/392/136 254/390/136
f 255/391/137 245/387/137 254/390/137
f 257/393/138 247/378/138 245/380/138
f 248/382/139 247/378/139 257/393/139
f 249/394/140 257/393/140 245/380/140
f 249/394/141 258/395/141 257/393/141
f 259/396/142 257/393/142 260/397/142
f 261/398/142 260/397/142 257/393/142
f 262/399/143 130/400/143 128/401/143
f 263/402/144 264/403/144 265/404/144
f 265/404/145 264/403/145 266/405/145
f 258/406/146 267/407/146 268/408/146
f 258/406/147 269/409/147 270/410/147
f 258/406/148 270/410/148 267/407/148
f 263/411/149 271/412/149 264/413/149
f 265/414/150 266/415/150 272/416/150
f 271/412/151 273/417/151 264/413/151
f 274/418/150 272/416/150 266/415/150
f 269/409/152 258/406/152 249/383/152
f 249/383/153 251/385/153 269/409/153
f 272/419/154 275/420/154 265/404/154
f 263/402/155 265/404/155 275/420/155
f 261/398/141 257/393/141 258/395/141
f 103/372/124 236/421/124 244/373/124
f 258/395/156 276/422/156 261/398/156
f 268/408/157 276/423/157 258/406/157
f 271/412/149 263/411/149 277/424/149
f 236/363/158 235/362/158 278/425/158
f 279/426/159 280/427/159 141/428/159
f 281/429/160 282/430/160 283/431/160
f 284/432/161 280/433/161 279/434/161
f 285/435/161 284/432/161 279/434/161
f 286/436/162 272/437/162 277/438/162
f 141/428/159 142/439/159 279/426/159
f 287/440/163 140/441/163 285/442/163
f 286/436/164 263/443/164 283/431/164
f 288/444/165 276/445/165 289/446/165
f 289/446/165 276/445/165 290/447/165
f 130/400/166 262/399/166 286/448/166
f 291/449/167 292/450/167 288/444/167
f 286/436/162 262/451/162 272/437/162
f 292/450/168 276/445/168 288/444/168
f 293/452/56 294/453/56 295/454/56
f 272/437/162 262/451/162 296/455/162
f 276/423/169 297/456/169 298/457/169
f 276/423/170 268/408/170 299/458/170
f 296/459/171 275/420/171 272/419/171
f 276/423/172 299/458/172 297/456/172
f 298/457/173 300/460/173 290/461/173
f 290/461/174 276/423/174 298/457/174
f 261/398/175 276/422/175 292/462/175
f 301/463/176 302/464/176 303/465/176
f 304/466/177 285/435/177 279/434/177
f 294/453/56 305/467/56 306/468/56
f 307/469/178 292/462/178 291/470/178
f 308/471/56 306/468/56 305/467/56
f 309/472/56 305/467/56 294/453/56
f 310/473/56 311/474/56 294/453/56
f 309/472/56 294/453/56 311/474/56
f 278/475/179 312/476/179 236/421/179
f 296/459/180 313/477/180 275/420/180
f 295/478/181 314/479/181 293/480/181
f 315/481/182 294/482/182 306/483/182
f 316/484/183 317/485/183 318/486/183
f 308/487/184 319/488/184 306/489/184
f 318/486/185 259/396/185 316/484/185
f 320/490/186 321/491/186 322/492/186
f 323/493/187 322/492/187 321/491/187
f 322/492/188 324/494/188 320/490/188
f 324/494/189 318/486/189 320/490/189
f 303/465/190 325/495/190 326/496/190
f 327/497/191 326/496/191 325/495/191
f 303/465/192 302/464/192 325/495/192
f 324/494/193 322/492/193 111/207/193
f 302/464/194 328/498/194 325/495/194
f 324/494/195 259/396/195 318/486/195
f 259/396/196 248/382/196 257/393/196
f 259/396/195 324/494/195 248/382/195
f 311/499/197 310/500/197 325/501/197
f 327/502/197 325/501/197 310/500/197
f 329/503/198 330/504/198 331/505/198
f 331/505/199 332/506/199 329/503/199
f 332/507/200 323/493/200 321/491/200
f 321/491/201 329/508/201 332/507/201
f 331/509/202 116/217/202 332/510/202
f 116/217/203 115/216/203 332/510/203
f 333/511/204 334/512/204 239/366/204
f 115/513/205 114/514/205 323/493/205
f 114/514/206 322/492/206 323/493/206
f 335/515/207 336/516/207 239/366/207
f 323/493/208 332/507/208 115/513/208
f 111/207/209 322/492/209 114/514/209
f 337/517/210 239/366/210 336/516/210
f 324/494/211 111/207/211 110/206/211
f 248/382/212 112/209/212 113/381/212
f 335/515/213 239/366/213 334/512/213
f 248/382/214 324/494/214 112/209/214
f 338/518/215 339/519/215 340/520/215
f 324/494/216 110/206/216 112/209/216
f 302/464/217 338/518/217 328/498/217
f 302/464/215 339/519/215 338/518/215
f 302/464/218 341/521/218 339/519/218
f 311/499/219 325/501/219 309/522/219
f 342/523/220 330/504/220 329/503/220
f 342/523/220 329/503/220 343/524/220
f 328/525/219 309/522/219 325/501/219
f 239/366/221 344/526/221 333/511/221
f 240/367/222 344/526/222 239/366/222
f 343/527/223 329/508/223 345/528/223
f 321/491/223 345/528/223 329/508/223
f 345/528/224 321/491/224 317/485/224
f 320/490/224 317/485/224 321/491/224
f 320/490/183 318/486/183 317/485/183
f 307/469/225 260/397/225 261/398/225
f 259/396/185 260/397/185 316/484/185
f 346/529/226 347/530/226 348/531/226
f 346/529/227 333/511/227 347/530/227
f 349/532/228 350/533/228 351/534/228
f 347/530/229 350/533/229 349/532/229
f 352/535/122 278/425/122 235/362/122
f 242/370/230 352/535/230 235/362/230
f 309/522/231 328/525/231 305/536/231
f 338/537/231 305/536/231 328/525/231
f 308/487/232 340/538/232 319/488/232
f 353/539/86 185/540/86 184/541/86
f 354/542/233 334/512/233 346/529/233
f 190/304/87 186/300/87 185/299/87
f 355/543/234 351/534/234 350/533/234
f 356/544/86 174/281/86 192/307/86
f 347/530/235 333/511/235 344/526/235
f 347/530/236 344/526/236 350/533/236
f 357/545/237 355/543/237 350/533/237
f 174/546/56 356/547/56 175/548/56
f 358/549/238 355/543/238 357/545/238
f 355/543/239 358/549/239 359/550/239
f 334/512/240 333/511/240 346/529/240
f 175/551/22 356/552/22 192/553/22
f 344/526/241 357/545/241 350/533/241
f 175/282/242 192/307/242 360/554/242
f 308/487/243 305/555/243 338/556/243
f 338/556/244 340/538/244 308/487/244
f 224/557/245 361/558/245 362/559/245
f 363/560/246 361/558/246 224/557/246
f 185/561/22 353/562/22 364/563/22
f 181/294/2 364/564/2 184/298/2
f 361/565/247 199/566/247 200/567/247
f 365/568/248 185/299/248 364/564/248
f 366/569/86 367/570/86 181/289/86
f 368/571/86 181/289/86 367/570/86
f 201/572/89 180/573/89 361/565/89
f 353/574/2 184/298/2 364/564/2
f 224/346/116 362/575/116 211/333/116
f 369/576/247 360/577/247 365/568/247
f 361/565/249 200/567/249 202/578/249
f 361/565/89 202/578/89 201/572/89
f 190/306/250 360/554/250 192/307/250
f 199/315/86 366/569/86 181/289/86
f 369/579/86 181/289/86 368/571/86
f 369/576/2 365/568/2 181/294/2
f 365/568/2 364/564/2 181/294/2
f 190/304/89 185/299/89 360/577/89
f 370/580/251 371/581/251 372/582/251
f 370/580/252 373/583/252 371/581/252
f 374/584/253 375/585/253 373/583/253
f 373/583/254 375/585/254 371/581/254
f 295/478/181 376/586/181 314/479/181
f 373/583/255 377/587/255 374/584/255
f 378/588/256 374/584/256 376/586/256
f 339/519/257 375/585/257 374/584/257
f 294/482/258 378/588/258 295/478/258
f 376/586/258 295/478/258 378/588/258
f 374/584/259 378/588/259 315/481/259
f 339/519/259 374/584/259 319/589/259
f 294/482/182 315/481/182 378/588/182
f 379/590/260 380/591/260 326/496/260
f 380/591/261 381/592/261 326/496/261
f 340/520/262 339/519/262 319/589/262
f 374/584/263 315/481/263 319/589/263
f 315/593/184 306/489/184 319/488/184
f 213/594/264 383/595/264 384/596/264
f 1225/597/265 385/598/265 1224/599/265
f 1227/600/266 386/601/266 1226/602/266
f 386/603/267 385/604/267 1228/605/267 1229/606/267
f 387/607/268 388/608/268 389/609/268
f 388/610/269 390/611/269 391/612/269
f 392/613/270 393/614/270 391/612/270
f 388/608/271 393/615/271 389/609/271
f 388/610/270 391/612/270 393/614/270
f 391/616/272 394/617/272 395/618/272
f 389/619/273 395/620/273 387/621/273
f 394/622/273 387/621/273 395/620/273
f 391/616/274 395/618/274 392/623/274
f 157/624/275 396/625/275 159/626/275
f 1226/602/266 386/601/266 1230/627/266
f 397/628/276 345/528/276 317/485/276
f 397/628/277 317/485/277 398/629/277
f 317/485/278 316/484/278 398/629/278
f 261/398/279 292/462/279 307/469/279
f 399/630/280 400/631/280 401/632/280
f 260/397/281 398/629/281 316/484/281
f 260/397/281 307/469/281 398/629/281
f 399/630/282 401/632/282 354/633/282
f 402/634/283 403/635/283 404/636/283
f 404/636/284 403/635/284 401/632/284
f 404/636/285 405/637/285 402/634/285
f 398/629/286 406/638/286 407/639/286
f 403/635/287 354/633/287 401/632/287
f 407/639/288 397/628/288 398/629/288
f 402/640/289 336/516/289 403/641/289
f 408/642/290 409/643/290 291/449/290
f 403/641/291 336/516/291 335/515/291
f 335/515/292 354/542/292 403/641/292
f 335/515/293 334/512/293 354/542/293
f 337/517/289 336/516/289 402/640/289
f 409/644/294 307/469/294 291/470/294
f 398/629/295 409/644/295 406/638/295
f 398/629/296 307/469/296 409/644/296
f 410/645/2 411/646/2 412/647/2
f 408/642/2 412/647/2 411/646/2
f 413/648/2 411/646/2 410/645/2
f 414/649/2 408/642/2 411/646/2
f 414/649/2 411/646/2 415/650/2
f 348/531/297 416/651/297 346/529/297
f 348/531/226 347/530/226 349/532/226
f 415/650/298 411/646/298 417/652/298
f 407/653/299 414/649/299 415/650/299
f 406/654/300 414/649/300 407/653/300
f 288/444/301 289/446/301 410/645/301
f 412/647/302 288/444/302 410/645/302
f 291/449/303 412/647/303 408/642/303
f 348/531/304 349/532/304 418/655/304
f 291/449/305 288/444/305 412/647/305
f 406/654/306 409/643/306 408/642/306
f 414/649/307 406/654/307 408/642/307
f 419/656/308 411/646/308 413/648/308
f 419/656/309 413/648/309 420/657/309
f 417/652/310 411/646/310 419/656/310
f 417/652/311 407/653/311 415/650/311
f 421/658/312 422/659/312 423/660/312
f 424/661/313 425/662/313 420/657/313
f 425/662/314 419/656/314 420/657/314
f 419/656/315 425/662/315 426/663/315
f 419/656/316 426/663/316 417/652/316
f 213/594/317 423/660/317 427/664/317
f 417/665/318 426/666/318 397/628/318
f 345/528/319 397/628/319 426/666/319
f 417/665/320 397/628/320 407/639/320
f 423/660/321 213/594/321 421/658/321
f 343/524/322 425/667/322 424/668/322
f 345/528/323 425/669/323 343/527/323
f 343/524/324 424/668/324 342/523/324
f 345/528/325 426/666/325 425/669/325
f 1224/670/326 385/671/326 427/664/326 1231/672/326
f 385/671/326 386/673/326 213/594/326
f 278/425/327 352/535/327 428/674/327
f 427/664/326 385/671/326 213/594/326
f 386/673/326 1227/675/326 1232/676/326 213/594/326
f 429/677/125 242/374/125 312/476/125
f 242/374/125 244/373/125 312/476/125
f 244/373/179 236/421/179 312/476/179
f 428/678/328 312/679/328 278/680/328
f 372/582/329 430/681/329 431/682/329
f 430/681/330 432/683/330 433/684/330
f 140/441/331 287/440/331 434/685/331
f 432/683/332 435/686/332 433/684/332
f 430/681/333 372/582/333 432/683/333
f 304/466/334 287/687/334 285/435/334
f 279/426/335 142/439/335 304/688/335
f 372/582/336 436/689/336 432/683/336
f 429/690/337 352/535/337 242/370/337
f 437/691/338 433/692/338 212/693/338
f 433/692/339 437/691/339 438/694/339
f 438/695/340 437/696/340 384/697/340
f 384/697/341 439/698/341 438/695/341
f 428/674/327 352/535/327 440/699/327
f 312/679/328 428/678/328 441/700/328
f 428/678/54 442/701/54 441/700/54
f 354/542/297 346/529/297 416/651/297
f 354/542/342 416/651/342 399/702/342
f 404/636/343 401/632/343 443/703/343
f 404/636/344 443/703/344 444/704/344
f 401/632/345 400/631/345 443/703/345
f 445/705/346 446/706/346 447/707/346
f 349/708/347 448/709/347 418/710/347
f 418/655/348 448/711/348 449/712/348
f 351/534/349 355/543/349 450/713/349
f 450/713/350 355/543/350 359/550/350
f 450/713/350 359/550/350 451/714/350
f 452/715/351 453/716/351 454/717/351
f 454/717/352 455/718/352 452/715/352
f 454/719/353 456/720/353 455/721/353
f 456/720/354 457/722/354 455/721/354
f 452/723/355 458/724/355 453/725/355
f 459/726/356 351/534/356 453/716/356
f 453/716/357 351/534/357 450/713/357
f 454/717/358 453/716/358 450/713/358
f 450/713/359 451/714/359 454/717/359
f 451/714/360 456/727/360 454/717/360
f 448/711/361 349/532/361 351/534/361
f 212/728/362 435/729/362 213/594/362
f 430/681/363 433/684/363 438/730/363
f 460/731/364 430/681/364 438/730/364
f 212/693/76 433/692/76 435/732/76
f 304/688/159 142/439/159 461/733/159
f 140/241/365 434/734/365 461/735/365
f 142/243/366 140/241/366 461/735/366
f 213/594/367 435/729/367 421/658/367
f 429/677/125 441/736/125 462/737/125
f 462/738/368 440/739/368 429/740/368
f 352/741/368 429/740/368 440/739/368
f 439/742/369 463/743/369 460/731/369
f 464/744/370 465/745/370 466/746/370
f 463/747/371 466/746/371 465/745/371
f 463/743/372 439/742/372 466/748/372
f 384/697/373 464/749/373 466/750/373
f 384/697/374 466/750/374 439/698/374
f 439/742/375 460/731/375 438/730/375
f 467/751/376 431/682/376 468/752/376
f 370/580/251 372/582/251 431/682/251
f 431/682/329 430/681/329 468/752/329
f 469/753/377 470/754/377 471/755/377
f 469/753/378 463/747/378 465/745/378
f 312/476/125 441/736/125 429/677/125
f 281/429/379 472/756/379 282/430/379
f 473/757/380 129/758/380 136/759/380
f 448/711/381 351/534/381 459/726/381
f 473/757/382 128/401/382 129/758/382
f 448/711/383 459/726/383 449/712/383
f 473/757/384 262/399/384 128/401/384
f 296/455/385 262/451/385 473/760/385
f 474/761/386 475/762/386 476/763/386
f 477/764/387 475/762/387 474/761/387
f 478/765/388 479/766/388 458/724/388
f 479/766/389 453/725/389 458/724/389
f 458/724/390 475/762/390 477/764/390
f 477/764/390 478/765/390 458/724/390
f 459/726/356 453/716/356 479/767/356
f 480/768/391 459/726/391 479/767/391
f 482/769/392 296/455/392 473/760/392
f 480/770/393 479/766/393 478/765/393
f 449/771/394 459/772/394 480/773/394
f 449/771/395 478/774/395 477/775/395
f 449/771/395 480/773/395 478/774/395
f 449/771/395 477/775/395 474/776/395
f 483/777/396 449/778/396 474/779/396
f 293/452/56 484/780/56 294/453/56
f 484/780/56 485/781/56 294/453/56
f 486/782/56 294/453/56 485/781/56
f 310/473/56 294/453/56 486/782/56
f 452/783/397 455/721/397 487/784/397
f 470/754/398 469/753/398 465/745/398
f 463/743/399 469/785/399 488/786/399
f 468/752/400 430/681/400 460/731/400
f 488/786/401 468/752/401 460/731/401
f 212/693/338 211/787/338 437/691/338
f 211/787/338 489/788/338 437/691/338
f 380/591/191 379/590/191 490/789/191
f 488/786/402 460/731/402 463/743/402
f 490/790/403 379/791/403 485/792/403
f 379/793/404 327/502/404 486/794/404
f 486/795/405 485/792/405 379/791/405
f 457/722/406 491/796/406 492/797/406
f 492/797/407 455/721/407 457/722/407
f 492/797/408 487/784/408 455/721/408
f 489/798/409 384/799/409 437/800/409
f 493/801/410 494/802/410 495/803/410
f 496/804/411 497/805/411 498/806/411
f 499/807/412 500/808/412 498/806/412
f 501/809/413 458/724/413 502/810/413
f 500/808/414 499/807/414 503/811/414
f 504/812/415 505/813/415 506/814/415
f 458/724/416 452/723/416 502/810/416
f 452/723/417 487/815/417 502/810/417
f 476/763/418 501/809/418 507/816/418
f 508/817/419 506/814/419 505/813/419
f 506/814/420 508/817/420 509/818/420
f 476/763/421 475/762/421 501/809/421
f 475/762/422 458/724/422 501/809/422
f 476/819/423 483/777/423 474/779/423
f 505/820/424 510/821/424 511/822/424
f 505/820/425 511/822/425 508/823/425
f 512/824/426 513/825/426 506/826/426
f 512/827/427 511/828/427 513/829/427
f 509/830/426 512/824/426 506/826/426
f 510/831/428 513/829/428 511/828/428
f 513/825/426 514/832/426 506/826/426
f 510/831/429 515/833/429 513/829/429
f 516/834/430 517/835/430 518/836/430
f 301/463/431 519/837/431 503/811/431
f 301/463/432 503/811/432 499/807/432
f 301/463/433 520/838/433 519/837/433
f 519/837/433 520/838/433 521/839/433
f 522/840/434 421/841/434 435/686/434
f 522/840/435 422/842/435 421/841/435
f 379/590/436 326/496/436 327/497/436
f 522/840/437 523/843/437 422/842/437
f 310/500/404 486/794/404 327/502/404
f 436/689/438 496/804/438 522/840/438
f 524/844/439 326/496/439 381/592/439
f 427/664/440 525/845/440 526/846/440
f 527/847/441 526/846/441 525/845/441
f 422/659/442 523/848/442 423/660/442
f 523/848/443 525/845/443 427/664/443
f 171/335/116 528/849/116 224/346/116
f 523/848/444 427/664/444 423/660/444
f 525/845/445 529/850/445 530/851/445
f 523/848/446 531/852/446 529/850/446
f 523/848/447 529/850/447 525/845/447
f 185/299/448 365/568/448 360/577/448
f 531/852/449 523/848/449 532/853/449
f 522/840/450 532/854/450 523/843/450
f 533/855/451 534/856/451 532/853/451
f 530/851/452 527/847/452 525/845/452
f 532/854/453 496/804/453 533/857/453
f 496/804/454 498/806/454 533/857/454
f 500/808/455 533/857/455 498/806/455
f 532/854/453 522/840/453 496/804/453
f 366/858/247 363/859/247 367/860/247
f 535/861/456 530/851/456 238/365/456
f 530/851/457 529/850/457 238/365/457
f 536/862/458 537/863/458 521/839/458
f 238/365/459 531/852/459 534/856/459
f 531/852/460 532/853/460 534/856/460
f 534/856/461 234/359/461 238/365/461
f 529/850/462 531/852/462 238/365/462
f 533/855/463 538/864/463 534/856/463
f 539/865/464 540/866/464 234/359/464
f 540/866/465 537/867/465 234/359/465
f 537/867/466 232/357/466 234/359/466
f 538/864/467 234/359/467 534/856/467
f 538/864/468 539/865/468 234/359/468
f 536/868/469 232/357/469 537/867/469
f 538/869/470 500/808/470 539/870/470
f 540/871/471 519/837/471 537/863/471
f 500/808/472 503/811/472 539/870/472
f 539/870/473 503/811/473 540/871/473
f 500/808/474 538/869/474 533/857/474
f 519/837/458 521/839/458 537/863/458
f 503/811/471 519/837/471 540/871/471
f 432/683/475 436/689/475 522/840/475
f 432/683/476 522/840/476 435/686/476
f 520/838/176 301/463/176 303/465/176
f 497/805/477 371/581/477 375/585/477
f 497/805/478 436/689/478 371/581/478
f 375/585/477 341/521/477 497/805/477
f 436/689/479 372/582/479 371/581/479
f 498/806/480 341/521/480 499/807/480
f 341/521/481 498/806/481 497/805/481
f 302/464/482 499/807/482 341/521/482
f 499/807/483 302/464/483 301/463/483
f 497/805/411 496/804/411 436/689/411
f 375/585/484 339/519/484 341/521/484
f 178/286/94 173/280/94 176/337/94
f 541/872/485 467/751/485 542/873/485
f 541/872/486 370/580/486 431/682/486
f 541/872/487 431/682/487 467/751/487
f 362/559/245 361/558/245 543/874/245
f 361/565/89 180/573/89 543/875/89
f 180/573/89 179/876/89 543/875/89
f 177/877/89 215/878/89 179/876/89
f 211/333/116 362/575/116 489/879/116
f 544/880/327 428/674/327 440/699/327
f 95/192/488 545/881/488 96/193/488
f 546/882/489 547/883/489 548/884/489
f 377/587/489 548/884/489 547/883/489
f 542/873/490 546/882/490 541/872/490
f 548/884/490 541/872/490 546/882/490
f 547/883/491 549/885/491 550/886/491
f 547/883/491 550/886/491 377/587/491
f 376/586/492 377/587/492 550/886/492
f 548/884/493 377/587/493 373/583/493
f 374/584/494 377/587/494 376/586/494
f 551/887/495 99/195/495 101/197/495
f 548/884/496 373/583/496 370/580/496
f 541/872/497 548/884/497 370/580/497
f 104/888/498 100/375/498 99/889/498
f 98/361/499 103/360/499 102/890/499
f 547/883/500 552/891/500 553/892/500
f 101/893/327 98/361/327 102/890/327
f 104/888/125 243/371/125 100/375/125
f 243/894/501 104/200/501 103/199/501
f 554/895/502 555/896/502 556/897/502
f 557/898/503 558/899/503 554/895/503
f 549/885/504 547/883/504 553/892/504
f 558/899/505 555/896/505 554/895/505
f 553/892/506 559/900/506 549/885/506
f 552/891/507 547/883/507 546/882/507
f 560/901/508 552/891/508 546/882/508
f 560/901/508 546/882/508 542/873/508
f 95/192/56 105/201/56 561/902/56
f 105/201/56 562/903/56 561/902/56
f 563/904/56 561/902/56 562/903/56
f 555/896/56 558/899/56 562/903/56
f 563/904/56 562/903/56 558/899/56
f 563/904/509 558/899/509 557/898/509
f 564/905/510 563/904/510 557/898/510
f 565/906/511 566/907/511 567/908/511
f 568/909/512 563/904/512 564/905/512
f 561/902/513 563/904/513 568/909/513
f 568/909/514 545/881/514 561/902/514
f 545/881/515 95/192/515 561/902/515
f 502/810/516 487/815/516 569/910/516
f 556/897/517 562/903/517 570/911/517
f 555/896/518 562/903/518 556/897/518
f 416/651/519 348/531/519 571/912/519
f 444/913/520 443/914/520 571/915/520
f 562/903/521 105/201/521 570/911/521
f 348/531/522 418/655/522 571/912/522
f 571/915/523 399/916/523 416/917/523
f 570/911/524 105/201/524 116/217/524
f 418/655/45 449/712/45 571/912/45
f 571/915/525 443/914/525 400/918/525
f 399/916/526 571/915/526 400/918/526
f 572/919/527 102/198/527 573/920/527
f 102/198/527 104/200/527 573/920/527
f 551/921/327 101/893/327 102/890/327
f 102/890/327 572/922/327 551/921/327
f 574/923/528 446/706/528 575/924/528
f 446/706/528 576/925/528 575/924/528
f 446/706/529 577/926/529 576/925/529
f 446/706/530 445/705/530 577/926/530
f 445/705/531 578/927/531 577/926/531
f 579/928/532 580/929/532 574/923/532
f 580/929/533 447/707/533 574/923/533
f 579/928/534 444/704/534 580/929/534
f 446/706/532 574/923/532 447/707/532
f 404/636/344 444/704/344 579/928/344
f 447/930/535 580/931/535 581/932/535
f 580/931/536 444/933/536 581/932/536
f 445/934/40 447/930/40 581/932/40
f 571/915/50 581/935/50 444/913/50
f 576/925/537 577/926/537 507/816/537
f 578/927/418 507/816/418 577/926/418
f 578/927/538 476/763/538 507/816/538
f 582/936/539 476/937/539 578/938/539
f 476/937/540 582/936/540 583/939/540
f 583/940/541 483/777/541 476/819/541
f 445/934/542 582/936/542 578/938/542
f 582/936/543 445/934/543 581/932/543
f 449/712/45 584/941/45 571/912/45
f 585/942/125 573/943/125 104/888/125
f 586/944/337 572/922/337 573/945/337
f 585/942/498 104/888/498 99/889/498
f 99/195/495 551/887/495 585/946/495
f 587/947/544 588/948/544 589/949/544
f 246/377/545 96/193/545 590/950/545
f 590/950/546 545/881/546 591/951/546
f 545/881/547 568/909/547 591/951/547
f 96/193/545 545/881/545 590/950/545
f 590/952/548 591/953/548 592/954/548
f 593/955/549 590/952/549 592/954/549
f 594/956/550 590/957/550 595/958/550
f 596/959/551 246/389/551 590/957/551
f 596/959/552 256/392/552 246/389/552
f 596/959/553 590/957/553 594/956/553
f 596/960/554 597/961/554 256/962/554
f 598/963/555 593/964/555 599/965/555
f 598/963/556 590/957/556 593/964/556
f 595/958/557 590/957/557 598/963/557
f 592/954/558 600/966/558 601/967/558
f 592/954/559 602/968/559 600/966/559
f 592/954/560 591/953/560 602/968/560
f 603/969/561 604/970/561 605/971/561
f 603/969/562 606/972/562 604/970/562
f 592/954/563 607/973/563 603/974/563
f 608/975/564 603/969/564 605/971/564
f 593/955/563 592/954/563 603/974/563
f 603/969/565 608/975/565 593/964/565
f 609/976/566 593/964/566 608/975/566
f 599/965/567 593/964/567 609/976/567
f 610/977/568 611/978/568 612/979/568
f 592/954/558 601/967/558 607/973/558
f 611/980/569 607/973/569 613/981/569
f 614/982/570 613/981/570 615/983/570
f 614/982/571 611/980/571 613/981/571
f 611/984/572 289/446/572 290/447/572
f 611/984/572 614/985/572 289/446/572
f 611/980/573 603/974/573 607/973/573
f 606/972/574 603/969/574 611/978/574
f 290/461/575 300/460/575 612/979/575
f 612/979/576 611/978/576 290/461/576
f 616/986/577 606/972/577 611/978/577
f 610/977/578 616/986/578 611/978/578
f 617/987/579 287/988/579 618/989/579
f 331/505/580 330/504/580 619/990/580
f 620/991/581 331/505/581 619/990/581
f 554/992/582 556/993/582 621/994/582
f 622/995/583 621/994/583 556/993/583
f 623/996/584 557/997/584 554/992/584
f 556/897/585 570/911/585 622/998/585
f 622/998/586 570/911/586 620/999/586
f 570/911/587 116/217/587 620/999/587
f 116/217/588 331/509/588 620/999/588
f 564/1000/589 557/997/589 623/996/589
f 624/1001/590 625/1002/590 600/966/590
f 621/994/591 622/995/591 626/1003/591
f 622/995/592 620/1004/592 626/1003/592
f 627/1005/593 621/994/593 626/1003/593
f 624/1001/594 623/996/594 627/1005/594
f 623/996/595 621/994/595 627/1005/595
f 620/1004/596 619/1006/596 626/1003/596
f 623/996/597 554/992/597 621/994/597
f 602/968/598 623/996/598 600/966/598
f 624/1001/598 600/966/598 623/996/598
f 602/968/599 564/1000/599 623/996/599
f 568/1007/600 564/1000/600 602/968/600
f 591/953/601 568/1007/601 602/968/601
f 627/1005/602 628/1008/602 625/1002/602
f 627/1005/602 625/1002/602 624/1001/602
f 628/1008/603 629/1009/603 630/1010/603
f 628/1008/604 631/1011/604 625/1002/604
f 629/1009/605 626/1003/605 632/1012/605
f 619/1006/605 632/1012/605 626/1003/605
f 629/1009/606 628/1008/606 626/1003/606
f 627/1005/606 626/1003/606 628/1008/606
f 632/1013/607 619/990/607 342/523/607
f 330/504/607 342/523/607 619/990/607
f 625/1002/590 601/967/590 600/966/590
f 625/1002/608 631/1011/608 601/967/608
f 633/1014/609 586/1015/609 573/943/609
f 573/943/609 585/942/609 633/1014/609
f 634/1016/610 635/1017/610 636/1018/610
f 637/1019/611 638/1020/611 639/1021/611
f 631/1011/612 635/1017/612 634/1016/612
f 634/1022/613 636/1023/613 615/1024/613
f 640/1025/614 639/1021/614 638/1020/614
f 640/1025/615 635/1017/615 639/1021/615
f 640/1025/616 636/1018/616 635/1017/616
f 641/1026/617 638/1027/617 637/1028/617
f 413/648/2 410/645/2 642/1029/2
f 413/648/2 642/1029/2 636/1023/2
f 413/648/2 636/1023/2 640/1030/2
f 413/648/2 640/1030/2 638/1027/2
f 413/648/2 638/1027/2 641/1026/2
f 642/1029/618 615/1024/618 636/1023/618
f 642/1029/619 614/985/619 615/1024/619
f 410/645/620 289/446/620 614/985/620
f 410/645/621 614/985/621 642/1029/621
f 630/1010/622 643/1031/622 637/1019/622
f 630/1010/623 637/1019/623 639/1021/623
f 413/648/624 641/1026/624 644/1032/624
f 644/1032/625 420/657/625 413/648/625
f 644/1032/626 641/1026/626 637/1028/626
f 643/1031/627 645/1033/627 644/1034/627
f 637/1019/628 643/1031/628 644/1034/628
f 645/1035/629 420/1036/629 644/1037/629
f 420/1036/630 645/1035/630 424/668/630
f 645/1033/631 629/1009/631 632/1012/631
f 632/1013/632 424/668/632 645/1035/632
f 424/668/633 632/1013/633 342/523/633
f 629/1009/634 645/1033/634 643/1031/634
f 631/1011/635 630/1010/635 639/1021/635
f 635/1017/636 631/1011/636 639/1021/636
f 630/1010/637 629/1009/637 643/1031/637
f 631/1011/638 628/1008/638 630/1010/638
f 634/1016/639 646/1038/639 631/1011/639
f 646/1038/640 615/983/640 613/981/640
f 613/981/641 607/973/641 646/1038/641
f 615/983/642 646/1038/642 634/1016/642
f 646/1038/608 601/967/608 631/1011/608
f 607/973/643 601/967/643 646/1038/643
f 647/1039/609 586/1015/609 633/1014/609
f 633/1014/609 648/1040/609 647/1039/609
f 649/1041/644 85/1042/644 87/1043/644
f 618/1044/645 649/1041/645 87/1043/645
f 618/989/646 650/1045/646 649/1046/646
f 651/1047/335 649/1046/335 650/1045/335
f 650/1048/647 652/1049/647 86/1050/647
f 653/1051/647 652/1049/647 650/1048/647
f 434/685/331 287/440/331 652/1052/331
f 86/179/648 652/1052/648 617/1053/648
f 653/1054/649 434/685/649 652/1052/649
f 647/1039/650 648/1040/650 441/736/650
f 440/739/651 648/1055/651 544/1056/651
f 434/685/652 653/1054/652 461/1057/652
f 304/688/579 618/989/579 287/988/579
f 650/1045/653 618/989/653 653/1058/653
f 304/688/159 461/733/159 653/1058/159
f 618/989/654 304/688/654 653/1058/654
f 83/1059/655 89/182/655 77/184/655
f 155/1060/656 88/1061/656 163/1062/656
f 89/1063/656 163/1062/656 88/1061/656
f 617/1053/331 652/1052/331 287/440/331
f 617/1053/657 87/180/657 86/179/657
f 618/1044/658 87/1043/658 617/1064/658
f 462/737/609 441/736/609 648/1040/609
f 586/944/337 654/1065/337 572/922/337
f 654/1065/327 655/1066/327 572/922/327
f 442/1067/123 654/1065/123 647/1068/123
f 586/944/123 647/1068/123 654/1065/123
f 442/1067/327 655/1066/327 654/1065/327
f 551/1069/179 655/1070/179 585/942/179
f 655/1070/659 633/1014/659 585/942/659
f 572/922/327 655/1066/327 551/921/327
f 647/1071/54 441/700/54 442/701/54
f 655/1070/660 544/1072/660 633/1014/660
f 648/1040/660 633/1014/660 544/1072/660
f 442/1067/327 544/880/327 655/1066/327
f 648/1055/661 440/739/661 462/738/661
f 442/1067/327 428/674/327 544/880/327
f 656/1073/662 657/1074/662 589/1075/662
f 492/797/663 658/1076/663 656/1077/663
f 567/908/511 659/1078/511 565/906/511
f 469/785/664 566/907/664 488/786/664
f 565/906/665 468/752/665 488/786/665
f 488/786/666 566/907/666 565/906/666
f 589/949/667 492/797/667 656/1077/667
f 660/1079/668 495/1080/668 658/1081/668
f 661/1082/669 467/751/669 565/906/669
f 661/1082/669 565/906/669 659/1078/669
f 467/751/485 661/1082/485 542/873/485
f 660/1083/670 658/1076/670 492/797/670
f 467/751/671 468/752/671 565/906/671
f 491/796/672 660/1083/672 492/797/672
f 491/796/673 662/1084/673 660/1083/673
f 663/1085/674 664/1086/674 665/1087/674
f 664/1086/675 566/1088/675 665/1087/675
f 666/1089/676 665/1090/676 566/1091/676
f 566/907/664 469/785/664 666/1092/664
f 662/1093/677 493/1094/677 660/1079/677
f 667/1095/678 658/1081/678 495/1080/678
f 660/1079/679 493/1094/679 495/1080/679
f 662/1093/680 668/1096/680 493/1094/680
f 493/801/681 668/1097/681 494/802/681
f 589/1075/682 657/1074/682 669/1098/682
f 669/1098/683 587/1099/683 589/1075/683
f 667/1095/684 656/1100/684 658/1081/684
f 657/1074/685 656/1073/685 667/1101/685
f 667/1102/681 495/803/681 494/802/681
f 494/802/686 657/1103/686 667/1102/686
f 482/769/687 670/1104/687 296/455/687
f 296/455/688 670/1104/688 671/1105/688
f 263/443/160 281/429/160 283/431/160
f 286/436/689 277/438/689 263/443/689
f 263/402/155 275/420/155 281/1106/155
f 482/769/690 473/760/690 281/429/690
f 473/760/691 472/756/691 281/429/691
f 672/1107/692 487/784/692 492/797/692
f 672/1107/693 492/797/693 588/948/693
f 587/947/694 673/1108/694 588/948/694
f 588/948/695 673/1108/695 674/1109/695
f 589/949/696 588/948/696 492/797/696
f 675/1110/697 676/1111/697 677/1112/697
f 672/1107/697 678/1113/697 675/1110/697
f 588/948/697 678/1113/697 672/1107/697
f 676/1111/697 675/1110/697 678/1113/697
f 677/1112/698 679/1114/698 680/1115/698
f 680/1115/699 681/1116/699 677/1112/699
f 588/948/700 674/1109/700 678/1113/700
f 676/1111/701 682/1117/701 677/1112/701
f 677/1112/702 682/1117/702 679/1114/702
f 683/1118/703 684/1119/703 666/1089/703
f 608/1120/704 676/1121/704 678/1122/704
f 684/1119/705 665/1090/705 666/1089/705
f 685/1123/706 686/1124/706 569/910/706
f 685/1123/706 569/910/706 687/1125/706
f 569/910/707 672/1126/707 687/1125/707
f 688/1127/708 689/1128/708 685/1123/708
f 690/1129/709 501/809/709 686/1124/709
f 501/809/710 502/810/710 686/1124/710
f 569/910/710 686/1124/710 502/810/710
f 672/1126/516 569/910/516 487/815/516
f 471/755/711 691/1130/711 469/753/711
f 666/1089/712 692/1131/712 683/1118/712
f 675/1110/713 677/1112/713 681/1116/713
f 666/1089/714 469/753/714 692/1131/714
f 687/1125/707 672/1126/707 675/1132/707
f 693/1133/715 692/1131/715 469/753/715
f 469/753/716 691/1130/716 693/1133/716
f 694/1134/717 471/755/717 470/754/717
f 366/858/247 199/566/247 361/565/247
f 695/1135/248 368/1136/248 367/860/248
f 368/1136/247 695/1135/247 369/576/247
f 696/1137/718 612/1138/718 697/1139/718
f 698/1140/719 681/1116/719 680/1115/719
f 698/1140/720 696/1141/720 681/1116/720
f 681/1116/721 696/1141/721 697/1142/721
f 681/1116/722 697/1142/722 699/1143/722
f 697/1142/723 700/1144/723 699/1143/723
f 701/1145/724 688/1127/724 685/1123/724
f 687/1125/725 701/1145/725 685/1123/725
f 687/1125/726 702/1146/726 701/1145/726
f 687/1125/726 675/1132/726 702/1146/726
f 701/1145/727 702/1146/727 703/1147/727
f 675/1110/728 681/1116/728 702/1148/728
f 507/816/709 501/809/709 690/1129/709
f 704/1149/729 507/816/729 690/1129/729
f 704/1149/730 576/925/730 507/816/730
f 705/1150/731 576/925/731 704/1149/731
f 575/924/732 705/1150/732 706/1151/732
f 575/924/733 576/925/733 705/1150/733
f 690/1129/734 689/1128/734 704/1149/734
f 707/1152/734 704/1149/734 689/1128/734
f 707/1152/735 708/1153/735 704/1149/735
f 705/1150/735 704/1149/735 708/1153/735
f 707/1152/736 689/1128/736 709/1154/736
f 710/1155/736 707/1152/736 709/1154/736
f 711/1156/737 708/1153/737 710/1155/737
f 711/1156/738 712/1157/738 708/1153/738
f 708/1153/739 707/1152/739 710/1155/739
f 582/936/540 77/162/540 75/161/540
f 657/1103/740 494/802/740 713/1158/740
f 583/939/741 75/161/741 74/1159/741
f 582/936/742 75/161/742 583/939/742
f 73/157/116 714/1160/116 715/1161/116
f 713/1162/116 73/157/116 715/1161/116
f 685/1123/743 689/1128/743 686/1124/743
f 690/1129/743 686/1124/743 689/1128/743
f 669/1163/744 657/1103/744 713/1158/744
f 713/1158/745 716/1164/745 669/1163/745
f 713/1158/84 715/1165/84 716/1164/84
f 74/158/746 494/1166/746 80/1167/746
f 74/158/747 713/1162/747 494/1166/747
f 73/157/748 713/1162/748 74/158/748
f 717/1168/749 718/1169/749 81/1170/749
f 714/1171/750 73/1172/750 81/1173/750
f 709/1154/751 689/1128/751 688/1127/751
f 716/1164/84 715/1165/84 719/1174/84
f 81/1170/752 718/1169/752 669/1175/752
f 716/1176/89 81/1170/89 669/1175/89
f 720/1177/753 721/1178/753 722/1179/753
f 723/1180/754 724/1181/754 725/1182/754
f 726/1183/755 123/224/755 727/1184/755
f 118/219/756 723/1185/756 123/224/756
f 728/1186/757 123/224/757 723/1185/757
f 118/219/758 724/1187/758 723/1185/758
f 728/1186/759 727/1184/759 123/224/759
f 729/1188/760 123/224/760 726/1183/760
f 124/225/761 123/224/761 729/1188/761
f 124/225/762 729/1188/762 730/1189/762
f 726/1183/763 731/1190/763 732/1191/763
f 733/1192/764 734/1193/764 732/1194/764
f 733/1192/765 735/1195/765 734/1193/765
f 729/1188/766 726/1183/766 732/1191/766
f 734/1196/767 729/1188/767 732/1191/767
f 734/1196/768 736/1197/768 730/1189/768
f 737/1198/769 730/1189/769 736/1197/769
f 736/1197/770 738/1199/770 737/1198/770
f 726/1183/771 727/1184/771 731/1190/771
f 730/1189/772 729/1188/772 734/1196/772
f 734/1196/773 735/1200/773 736/1197/773
f 739/1201/774 740/1202/774 741/1203/774
f 152/252/775 154/254/775 742/1204/775
f 743/1205/776 152/252/776 742/1204/776
f 742/1204/777 744/1206/777 743/1205/777
f 745/1207/778 746/1208/778 747/1209/778
f 748/1210/779 749/1211/779 167/1212/779
f 166/1213/76 750/1214/76 751/1215/76
f 750/1216/780 159/1217/780 396/1218/780
f 166/1213/76 158/258/76 750/1214/76
f 750/1214/76 158/258/76 159/259/76
f 152/1219/88 189/303/88 188/302/88
f 748/1220/76 166/1213/76 751/1215/76
f 748/1210/102 167/1212/102 166/1221/102
f 750/1216/781 396/1218/781 752/1222/781
f 167/270/782 752/1223/782 165/268/782
f 396/1224/264 165/268/264 752/1223/264
f 751/1225/409 752/1226/409 745/1207/409
f 167/270/783 745/1227/783 752/1223/783
f 752/1226/784 751/1225/784 750/1228/784
f 747/1209/785 751/1225/785 745/1207/785
f 745/1227/786 753/1229/786 746/1230/786
f 749/1231/264 753/1229/264 745/1227/264
f 745/1227/264 167/270/264 749/1231/264
f 754/1232/787 1234/1233/787 1233/1234/787 526/846/787
f 526/846/788 1233/1234/788 1235/1235/788 427/664/788
f 755/1236/362 1236/1237/362 1234/1233/362 754/1232/362
f 1237/1238/326 1231/672/326 427/664/326 1235/1235/326 1238/1239/326
f 1239/1240/326 213/594/326 1232/676/326
f 224/557/789 756/1241/789 363/560/789
f 757/1242/790 1240/1243/790 1236/1237/790 755/1236/790
f 1244/1244/783 1243/1245/783 383/595/783 213/594/783 1239/1240/783 1242/1246/783 1241/1247/783
f 366/858/247 361/565/247 363/859/247
f 758/1248/791 759/1249/791 760/1250/791
f 695/1135/247 367/860/247 363/859/247
f 695/1251/792 761/1252/792 762/1253/792
f 761/1252/793 695/1251/793 363/1254/793
f 763/1255/794 764/1256/794 765/1257/794
f 376/586/795 765/1257/795 314/479/795
f 766/1258/796 314/479/796 765/1257/796
f 484/1259/797 293/480/797 766/1258/797
f 766/1258/798 765/1257/798 767/1260/798
f 484/1261/799 766/1262/799 767/1263/799
f 380/591/796 767/1260/796 765/1257/796
f 380/591/800 490/789/800 767/1260/800
f 765/1257/801 764/1256/801 380/591/801
f 314/479/797 766/1258/797 293/480/797
f 490/790/802 485/792/802 767/1263/802
f 767/1263/799 485/792/799 484/1261/799
f 764/1256/801 381/592/801 380/591/801
f 224/557/789 528/1264/789 756/1241/789
f 756/1265/45 768/1266/45 769/1267/45
f 764/1256/47 363/1254/47 756/1268/47
f 764/1256/47 756/1268/47 381/592/47
f 770/1269/803 771/1270/803 772/1271/803
f 171/335/116 773/1272/116 528/849/116
f 671/1105/688 670/1104/688 774/1273/688
f 775/1274/804 774/1275/804 776/1276/804
f 275/420/805 776/1277/805 281/1106/805
f 482/769/806 281/429/806 776/1278/806
f 776/1278/807 670/1104/807 482/769/807
f 776/1277/808 313/477/808 775/1279/808
f 313/477/809 296/459/809 671/1280/809
f 776/1277/808 275/420/808 313/477/808
f 313/1281/810 671/1282/810 777/1283/810
f 134/1284/811 778/1285/811 481/1286/811
f 136/759/812 135/1287/812 779/1288/812
f 777/1289/688 671/1105/688 774/1273/688
f 775/1279/808 780/1290/808 781/1291/808
f 313/477/808 780/1290/808 775/1279/808
f 782/1292/813 783/1293/813 784/1294/813
f 567/1295/814 784/1296/814 785/1297/814
f 567/1298/815 782/1292/815 784/1294/815
f 785/1297/816 786/1299/816 567/1295/816
f 787/1300/426 512/824/426 509/830/426
f 509/830/817 788/1301/817 787/1300/817
f 783/1293/818 782/1292/818 789/1302/818
f 664/1086/819 790/1303/819 789/1302/819
f 566/1304/820 664/1305/820 789/1306/820
f 509/1307/821 508/823/821 791/1308/821
f 567/1309/822 566/1304/822 789/1306/822
f 791/1308/821 788/1310/821 509/1307/821
f 789/1306/823 782/1311/823 567/1309/823
f 508/823/824 792/1312/824 791/1308/824
f 793/1313/825 794/1314/825 788/1310/825
f 788/1310/826 791/1308/826 793/1313/826
f 512/824/827 787/1300/827 792/1315/827
f 792/1315/828 511/1316/828 512/824/828
f 795/1317/829 785/1318/829 784/1294/829
f 795/1317/830 796/1319/830 785/1318/830
f 796/1319/831 795/1317/831 797/1320/831
f 786/1299/832 785/1297/832 796/1321/832
f 788/1301/426 794/1322/426 787/1300/426
f 543/1323/833 797/1324/833 795/1325/833
f 795/1325/834 362/1326/834 543/1323/834
f 494/1166/116 528/849/116 773/1272/116
f 313/1281/835 777/1283/835 780/1327/835
f 175/282/250 360/554/250 773/1328/250
f 171/278/836 175/282/836 773/1328/836
f 277/438/162 272/437/162 271/1329/162
f 126/1330/837 798/1331/837 208/1332/837
f 272/437/162 274/1333/162 271/1329/162
f 799/1334/838 274/418/838 800/1335/838
f 266/405/805 264/403/805 800/1336/805
f 800/1336/805 264/403/805 801/1337/805
f 271/1329/162 799/1338/162 273/1339/162
f 266/415/838 800/1335/838 274/418/838
f 799/1338/162 271/1329/162 274/1333/162
f 760/1340/839 802/1341/839 758/1342/839
f 760/1250/840 759/1249/840 803/1343/840
f 465/745/841 464/744/841 759/1249/841
f 464/744/842 804/1344/842 759/1249/842
f 464/749/340 384/697/340 383/1345/340
f 759/1249/843 804/1344/843 803/1343/843
f 383/1345/844 804/1346/844 464/749/844
f 528/1264/246 805/1347/246 806/1348/246
f 362/575/116 795/1349/116 489/879/116
f 383/1350/845 802/1351/845 760/1352/845
f 803/1353/846 804/1346/846 383/1345/846
f 489/879/847 795/1349/847 807/1354/847
f 383/1350/848 760/1352/848 803/1355/848
f 805/1356/247 808/1357/247 360/577/247
f 809/1358/849 560/901/849 542/873/849
f 810/1359/850 811/1360/850 812/1361/850
f 542/873/851 661/1082/851 809/1358/851
f 810/1359/852 813/1362/852 811/1360/852
f 813/1362/853 814/1363/853 811/1360/853
f 360/577/247 369/576/247 695/1135/247
f 810/1359/854 758/1342/854 802/1341/854
f 813/1362/855 810/1359/855 815/1364/855
f 816/1365/856 661/1082/856 659/1078/856
f 809/1358/857 661/1082/857 816/1365/857
f 659/1078/858 567/908/858 817/1366/858
f 817/1366/858 816/1365/858 659/1078/858
f 806/1367/859 805/1356/859 360/577/859
f 818/1368/860 819/1369/860 820/1370/860
f 806/1348/246 756/1241/246 528/1264/246
f 360/577/247 695/1135/247 806/1367/247
f 768/1266/45 756/1265/45 806/1371/45
f 695/1372/861 762/1373/861 806/1371/861
f 762/1373/862 821/1374/862 806/1371/862
f 822/1375/863 823/1376/863 824/1377/863
f 796/1319/864 797/1320/864 822/1375/864
f 815/1364/865 810/1359/865 802/1341/865
f 825/1378/866 822/1379/866 824/1380/866
f 822/1379/867 825/1378/867 786/1299/867
f 786/1299/868 796/1321/868 822/1379/868
f 825/1378/869 824/1380/869 818/1381/869
f 819/1369/870 818/1368/870 826/1382/870
f 824/1383/871 826/1382/871 818/1368/871
f 827/1384/872 828/1385/872 829/1386/872
f 830/1387/873 831/1388/873 832/1389/873
f 823/1376/874 822/1375/874 797/1320/874
f 824/1377/875 823/1376/875 826/1390/875
f 823/1391/876 797/1324/876 543/1323/876
f 833/1392/877 834/1393/877 835/1394/877
f 833/1392/878 835/1394/878 521/839/878
f 470/754/879 836/1395/879 837/1396/879
f 838/1397/880 839/1398/880 840/1399/880
f 817/1400/881 567/1295/881 825/1378/881
f 838/1397/882 827/1384/882 841/1401/882
f 841/1401/883 842/1402/883 838/1397/883
f 837/1396/884 836/1395/884 843/1403/884
f 830/1387/885 758/1342/885 831/1388/885
f 825/1378/886 820/1404/886 844/1405/886
f 836/1395/887 759/1249/887 830/1406/887
f 825/1378/888 818/1381/888 820/1404/888
f 831/1388/889 758/1342/889 810/1359/889
f 465/745/890 759/1249/890 836/1395/890
f 825/1378/881 567/1295/881 786/1299/881
f 470/754/891 465/745/891 836/1395/891
f 820/1404/892 845/1407/892 844/1405/892
f 846/1408/893 520/838/893 303/465/893
f 759/1249/894 758/1248/894 830/1406/894
f 802/1351/895 753/1409/895 847/1410/895
f 326/496/896 827/1384/896 846/1408/896
f 838/1397/897 828/1385/897 827/1384/897
f 829/1386/898 833/1392/898 846/1408/898
f 810/1359/850 812/1361/850 831/1388/850
f 846/1408/899 827/1384/899 829/1386/899
f 833/1392/900 520/838/900 846/1408/900
f 521/839/900 520/838/900 833/1392/900
f 344/526/901 240/367/901 357/545/901
f 240/367/902 358/549/902 357/545/902
f 848/1411/903 849/1412/903 850/1413/903
f 527/847/904 851/1414/904 754/1232/904
f 852/1415/905 853/1416/905 854/1417/905
f 526/846/906 527/847/906 754/1232/906
f 855/1418/907 560/901/907 856/1419/907
f 240/367/908 857/1420/908 358/549/908
f 240/367/909 854/1417/909 857/1420/909
f 240/367/910 241/368/910 852/1415/910
f 535/861/911 858/1421/911 859/1422/911
f 240/367/912 852/1415/912 854/1417/912
f 859/1422/913 851/1414/913 535/861/913
f 530/851/914 535/861/914 851/1414/914
f 852/1415/915 241/368/915 860/1423/915
f 861/1424/916 848/1411/916 862/1425/916
f 860/1423/917 241/368/917 863/1426/917
f 861/1424/918 849/1412/918 848/1411/918
f 527/847/919 530/851/919 851/1414/919
f 241/368/920 232/357/920 834/1427/920
f 552/891/921 855/1418/921 864/1428/921
f 241/368/922 834/1427/922 863/1426/922
f 232/357/923 835/1429/923 834/1427/923
f 849/1412/924 559/900/924 553/892/924
f 232/357/925 536/868/925 835/1429/925
f 849/1412/924 861/1424/924 559/900/924
f 553/892/926 552/891/926 864/1428/926
f 864/1428/926 849/1412/926 553/892/926
f 828/1385/927 860/1430/927 863/1431/927
f 855/1418/928 552/891/928 560/901/928
f 863/1431/929 834/1393/929 829/1386/929
f 833/1392/877 829/1386/877 834/1393/877
f 856/1419/930 865/1432/930 866/1433/930
f 863/1431/931 829/1386/931 828/1385/931
f 856/1419/932 867/1434/932 865/1432/932
f 809/1358/933 816/1365/933 867/1434/933
f 536/862/878 521/839/878 835/1394/878
f 856/1419/934 809/1358/934 867/1434/934
f 560/901/935 809/1358/935 856/1419/935
f 868/1435/936 869/1436/936 870/1437/936
f 858/1421/937 869/1436/937 868/1435/937
f 757/1242/938 871/1438/938 872/1439/938
f 859/1422/939 868/1435/939 757/1242/939
f 868/1435/940 871/1438/940 757/1242/940
f 859/1422/941 858/1421/941 868/1435/941
f 873/1440/942 874/1441/942 875/1442/942
f 873/1440/942 875/1442/942 876/1443/942
f 877/1444/943 878/1445/943 879/1446/943
f 358/549/944 857/1420/944 877/1444/944
f 873/1447/945 817/1400/945 874/1448/945
f 755/1236/946 859/1422/946 757/1242/946
f 359/550/947 358/549/947 877/1444/947
f 851/1414/948 859/1422/948 755/1236/948
f 754/1232/949 851/1414/949 755/1236/949
f 878/1445/950 877/1444/950 857/1420/950
f 865/1449/951 876/1443/951 880/1450/951
f 854/1417/952 853/1416/952 878/1445/952
f 865/1432/953 867/1434/953 876/1451/953
f 878/1445/954 857/1420/954 854/1417/954
f 876/1451/955 867/1434/955 873/1452/955
f 239/366/956 337/517/956 881/1453/956
f 875/1454/957 874/1448/957 882/1455/957
f 883/1456/958 882/1455/958 874/1448/958
f 233/358/959 239/366/959 881/1453/959
f 825/1378/960 844/1405/960 883/1456/960
f 884/1457/961 233/358/961 881/1453/961
f 885/1458/962 233/358/962 884/1457/962
f 874/1448/963 825/1378/963 883/1456/963
f 867/1434/964 816/1365/964 873/1452/964
f 817/1400/965 825/1378/965 874/1448/965
f 816/1365/966 817/1366/966 873/1452/966
f 823/1391/876 543/1323/876 886/1459/876
f 819/1460/967 826/1461/967 886/1459/967
f 826/1461/968 823/1391/968 886/1459/968
f 886/1459/969 744/1462/969 887/1463/969
f 869/1436/970 888/1464/970 870/1437/970
f 743/1465/971 744/1462/971 886/1459/971
f 237/364/972 233/358/972 885/1458/972
f 889/1466/973 237/364/973 885/1458/973
f 890/1467/974 891/1468/974 880/1450/974
f 237/364/975 889/1466/975 888/1464/975
f 875/1442/976 882/1469/976 892/1470/976
f 869/1436/977 237/364/977 888/1464/977
f 869/1436/978 858/1421/978 237/364/978
f 875/1442/979 892/1470/979 893/1471/979
f 876/1443/980 875/1442/980 893/1471/980
f 238/365/981 858/1421/981 535/861/981
f 880/1450/980 876/1443/980 893/1471/980
f 858/1421/982 238/365/982 237/364/982
f 865/1449/951 880/1450/951 891/1468/951
f 894/1472/983 870/1473/983 895/1474/983
f 896/1475/984 870/1473/984 894/1472/984
f 896/1476/985 868/1435/985 870/1437/985
f 871/1438/985 868/1435/985 896/1476/985
f 895/1477/986 870/1437/986 888/1464/986
f 866/1433/987 897/1478/987 898/1479/987
f 814/1363/988 871/1480/988 896/1475/988
f 864/1428/989 855/1418/989 898/1479/989
f 850/1413/989 864/1428/989 898/1479/989
f 899/1481/990 757/1482/990 872/1483/990
f 899/1484/991 1245/1485/991 1240/1243/991 757/1242/991
f 866/1433/992 898/1479/992 855/1418/992
f 855/1418/992 856/1419/992 866/1433/992
f 849/1412/993 864/1428/993 850/1413/993
f 405/637/285 900/1486/285 402/634/285
f 901/1487/994 897/1478/994 902/1488/994
f 901/1487/995 902/1488/995 903/1489/995
f 866/1433/996 891/1490/996 897/1478/996
f 904/1491/997 900/1486/997 405/637/997
f 865/1432/998 891/1490/998 866/1433/998
f 905/1492/999 901/1487/999 903/1489/999
f 850/1413/1000 898/1479/1000 901/1487/1000
f 402/640/1001 900/1493/1001 337/517/1001
f 906/1494/997 904/1491/997 405/637/997
f 907/1495/1002 904/1491/1002 906/1494/1002
f 908/1496/1003 907/1495/1003 906/1494/1003
f 894/1472/1004 895/1474/1004 908/1496/1004
f 881/1453/1001 337/517/1001 900/1493/1001
f 900/1493/1005 884/1457/1005 881/1453/1005
f 908/1496/1006 895/1474/1006 907/1495/1006
f 900/1493/1005 904/1497/1005 884/1457/1005
f 907/1498/1007 885/1458/1007 904/1497/1007
f 885/1458/1007 884/1457/1007 904/1497/1007
f 889/1466/1008 885/1458/1008 907/1498/1008
f 895/1477/1009 889/1466/1009 907/1498/1009
f 888/1464/1010 889/1466/1010 895/1477/1010
f 148/1499/1011 149/1500/1011 909/1501/1011
f 147/1502/1012 148/1499/1012 909/1501/1012
f 801/1503/151 264/413/151 273/417/151
f 670/1504/804 776/1276/804 774/1275/804
f 774/1273/1013 910/1505/1013 911/1506/1013
f 814/1363/1014 912/1507/1014 811/1360/1014
f 775/1274/1015 910/1508/1015 774/1275/1015
f 908/1496/1016 913/1509/1016 894/1472/1016
f 914/1510/1017 894/1472/1017 913/1509/1017
f 814/1363/1018 896/1475/1018 914/1510/1018
f 896/1475/1018 894/1472/1018 914/1510/1018
f 145/1511/1019 228/355/1019 231/354/1019
f 915/1512/1020 916/1513/1020 909/1501/1020
f 800/1336/1021 801/1337/1021 909/1514/1021
f 800/1336/1022 909/1514/1022 916/1515/1022
f 909/1514/1023 801/1337/1023 273/1516/1023
f 147/1502/1024 917/1517/1024 143/1518/1024
f 918/1519/1025 147/1502/1025 919/1520/1025
f 147/1502/1026 909/1501/1026 919/1520/1026
f 800/1336/1027 916/1515/1027 920/1521/1027
f 921/1522/1028 919/1523/1028 909/1514/1028
f 909/1514/180 273/1516/180 921/1522/180
f 922/1524/1029 147/1502/1029 918/1519/1029
f 917/1517/1030 147/1502/1030 922/1524/1030
f 923/1525/1031 144/1526/1031 143/1518/1031
f 917/1517/1032 924/1527/1032 143/1518/1032
f 923/1525/1033 143/1518/1033 924/1527/1033
f 924/1528/1034 910/1529/1034 923/1530/1034
f 924/1528/1035 921/1522/1035 910/1529/1035
f 925/1531/1036 926/1532/1036 725/1182/1036
f 741/1203/1037 926/1532/1037 925/1531/1037
f 725/1182/1038 162/262/1038 925/1531/1038
f 741/1203/1039 722/1179/1039 739/1201/1039
f 721/1178/1040 739/1201/1040 722/1179/1040
f 927/1533/1041 739/1201/1041 721/1178/1041
f 721/1178/1041 928/1534/1041 927/1533/1041
f 929/1535/1042 930/1536/1042 931/1537/1042
f 162/262/1043 193/309/1043 925/1531/1043
f 926/1532/754 723/1180/754 725/1182/754
f 727/1538/1044 740/1202/1044 731/1539/1044
f 728/1540/1045 723/1180/1045 926/1532/1045
f 740/1202/1046 728/1540/1046 926/1532/1046
f 728/1540/1047 740/1202/1047 727/1538/1047
f 932/1541/1048 931/1542/1048 933/1543/1048
f 740/1202/1049 739/1201/1049 731/1539/1049
f 922/1544/1050 921/1522/1050 917/1545/1050
f 918/1546/1051 921/1522/1051 922/1544/1051
f 917/1545/1052 921/1522/1052 924/1528/1052
f 273/1339/162 799/1338/162 934/1547/162
f 273/1339/688 934/1547/688 921/1548/688
f 933/1543/1053 920/1521/1053 935/1549/1053
f 932/1541/145 933/1543/145 935/1549/145
f 800/1336/808 920/1521/808 933/1543/808
f 918/1546/1054 919/1523/1054 921/1522/1054
f 933/1550/807 934/1547/807 799/1338/807
f 799/1338/1055 800/1551/1055 933/1550/1055
f 898/1479/987 897/1478/987 901/1487/987
f 936/1552/1056 222/344/1056 223/345/1056
f 813/1362/1057 871/1480/1057 814/1363/1057
f 813/1362/1058 872/1553/1058 871/1480/1058
f 815/1364/1059 872/1553/1059 813/1362/1059
f 149/1500/1060 937/1554/1060 938/1555/1060
f 228/355/1061 145/1511/1061 229/1556/1061
f 939/1557/1062 747/1209/1062 746/1208/1062
f 939/1558/1063 746/1230/1063 753/1229/1063
f 518/836/1064 940/1559/1064 516/834/1064
f 812/1361/1065 941/1560/1065 942/1561/1065
f 812/1361/1066 811/1360/1066 941/1560/1066
f 852/1415/1067 860/1423/1067 943/1562/1067
f 878/1563/1068 944/1564/1068 879/1565/1068
f 853/1566/1069 944/1564/1069 878/1563/1069
f 847/1567/1070 751/1215/1070 747/1568/1070
f 853/1566/1071 943/1569/1071 840/1399/1071
f 899/1570/1072 939/1557/1072 1247/1571/1072 1246/1572/1072 1245/1573/1072
f 943/1569/1073 828/1385/1073 838/1397/1073
f 943/1569/1074 838/1397/1074 840/1399/1074
f 753/1409/895 802/1351/895 383/1350/895
f 853/1416/1075 852/1415/1075 943/1562/1075
f 853/1566/1076 840/1399/1076 944/1564/1076
f 943/1569/1077 860/1430/1077 828/1385/1077
f 939/1558/264 383/595/264 1243/1245/264 1247/1574/264
f 753/1409/1078 749/1211/1078 847/1410/1078
f 753/1229/782 383/595/782 939/1558/782
f 872/1483/1079 747/1568/1079 899/1481/1079
f 747/1568/1080 872/1483/1080 815/1575/1080
f 747/1568/1070 815/1575/1070 802/1576/1070
f 939/1557/1072 899/1570/1072 747/1209/1072
f 944/1564/1081 840/1399/1081 945/1577/1081
f 802/1576/1070 847/1567/1070 747/1568/1070
f 945/1577/880 840/1399/880 839/1398/880
f 838/1397/1082 842/1402/1082 839/1398/1082
f 579/928/1083 574/923/1083 946/1578/1083
f 947/1579/1084 579/928/1084 946/1578/1084
f 947/1579/1085 405/637/1085 404/636/1085
f 945/1577/1086 839/1398/1086 769/1580/1086
f 839/1398/1087 842/1402/1087 769/1580/1087
f 947/1579/1085 404/636/1085 579/928/1085
f 768/1581/1088 945/1577/1088 769/1580/1088
f 948/1582/1089 946/1578/1089 949/1583/1089
f 948/1582/1090 949/1583/1090 913/1509/1090
f 950/1584/1091 913/1509/1091 949/1583/1091
f 756/1265/1092 842/1585/1092 841/1586/1092
f 947/1579/1093 946/1578/1093 948/1582/1093
f 912/1507/1094 914/1510/1094 950/1584/1094
f 950/1584/1094 914/1510/1094 913/1509/1094
f 814/1363/1095 914/1510/1095 912/1507/1095
f 906/1494/1096 405/637/1096 947/1579/1096
f 947/1579/1096 948/1582/1096 906/1494/1096
f 913/1509/1097 908/1496/1097 948/1582/1097
f 756/1265/1098 769/1267/1098 842/1585/1098
f 908/1496/1099 906/1494/1099 948/1582/1099
f 524/844/1100 841/1401/1100 951/1587/1100
f 575/924/1101 706/1151/1101 952/1588/1101
f 953/1589/272 518/836/272 915/1590/272
f 952/1588/1102 946/1578/1102 574/923/1102
f 952/1588/1103 949/1583/1103 946/1578/1103
f 575/924/1104 952/1588/1104 574/923/1104
f 916/1513/1105 915/1512/1105 517/1591/1105
f 954/1592/1106 949/1583/1106 952/1588/1106
f 950/1584/1107 949/1583/1107 954/1592/1107
f 955/1593/1108 950/1584/1108 954/1592/1108
f 941/1560/1109 912/1507/1109 955/1593/1109
f 912/1507/1110 950/1584/1110 955/1593/1110
f 811/1360/1066 912/1507/1066 941/1560/1066
f 517/1591/1111 516/1594/1111 920/1595/1111
f 518/836/1112 517/835/1112 915/1590/1112
f 956/1596/1113 929/1535/1113 931/1537/1113
f 931/1537/1114 932/1597/1114 956/1596/1114
f 932/1597/1115 957/1598/1115 956/1596/1115
f 937/1599/1116 836/1395/1116 958/1600/1116
f 923/1525/1117 959/1601/1117 960/1602/1117
f 230/354/1118 227/356/1118 694/1603/1118
f 231/354/1119 837/1604/1119 843/1605/1119
f 836/1395/1120 937/1599/1120 843/1403/1120
f 144/1526/1121 923/1525/1121 960/1602/1121
f 138/1606/1122 144/1526/1122 960/1602/1122
f 837/1604/1123 230/354/1123 694/1603/1123
f 837/1607/56 231/1607/56 230/1607/56
f 837/1396/1124 694/1134/1124 470/754/1124
f 961/1608/1125 962/1609/1125 963/1610/1125
f 961/1608/1126 964/1611/1126 962/1609/1126
f 836/1395/1127 962/1609/1127 965/1612/1127
f 966/1613/1128 965/1612/1128 964/1611/1128
f 960/1614/272 959/1615/272 967/1616/272
f 966/1613/1129 958/1600/1129 965/1612/1129
f 958/1600/1130 836/1395/1130 965/1612/1130
f 518/836/1131 957/1617/1131 940/1559/1131
f 390/1618/268 968/1619/268 969/1620/268
f 969/1620/1132 518/1621/1132 970/1622/1132
f 969/1623/1133 957/1624/1133 518/1625/1133
f 841/1401/1134 524/844/1134 756/1268/1134
f 951/1587/1135 841/1401/1135 827/1384/1135
f 827/1384/1136 326/496/1136 951/1587/1136
f 326/496/893 846/1408/893 303/465/893
f 326/496/1137 524/844/1137 951/1587/1137
f 756/1268/1138 524/844/1138 381/592/1138
f 879/1565/1139 944/1564/1139 971/1626/1139
f 972/1627/1140 768/1266/1140 806/1371/1140
f 359/550/1141 877/1444/1141 973/1628/1141
f 963/1610/1142 962/1609/1142 974/1629/1142
f 451/714/1141 359/550/1141 973/1628/1141
f 879/1446/1143 973/1628/1143 877/1444/1143
f 456/720/1144 975/1630/1144 457/722/1144
f 456/720/1145 976/1631/1145 975/1630/1145
f 976/1632/1146 977/1633/1146 978/1634/1146
f 969/1623/1147 929/1635/1147 956/1636/1147
f 929/1635/1148 969/1623/1148 968/1637/1148
f 957/1624/1149 969/1623/1149 956/1636/1149
f 979/1638/1128 980/1639/1128 981/1640/1128
f 981/1640/1150 982/1641/1150 979/1638/1150
f 976/1632/1151 978/1634/1151 975/1642/1151
f 983/1643/1152 971/1626/1152 984/1644/1152
f 981/1640/1153 985/1645/1153 986/1646/1153
f 984/1644/1154 768/1581/1154 972/1647/1154
f 456/727/1155 451/714/1155 976/1648/1155
f 451/714/1156 973/1628/1156 976/1648/1156
f 977/1649/1157 973/1628/1157 879/1446/1157
f 987/1650/1158 832/1389/1158 988/1651/1158
f 987/1650/1158 988/1651/1158 989/1652/1158
f 879/1565/1159 971/1626/1159 977/1633/1159
f 985/1653/1160 962/1654/1160 832/1389/1160
f 976/1648/1161 973/1628/1161 977/1649/1161
f 985/1653/1160 832/1389/1160 987/1650/1160
f 983/1643/1162 978/1634/1162 977/1633/1162
f 977/1633/1163 971/1626/1163 983/1643/1163
f 980/1639/1164 990/1655/1164 985/1645/1164
f 944/1564/1165 945/1577/1165 971/1626/1165
f 984/1644/1166 971/1626/1166 945/1577/1166
f 962/1609/1167 964/1611/1167 965/1612/1167
f 945/1577/1086 768/1581/1086 984/1644/1086
f 985/1645/1167 981/1640/1167 980/1639/1167
f 962/1654/1168 830/1387/1168 832/1389/1168
f 985/1645/1169 974/1629/1169 962/1609/1169
f 985/1645/1170 990/1655/1170 991/1656/1170
f 985/1645/1171 991/1656/1171 974/1629/1171
f 812/1361/1172 942/1561/1172 988/1651/1172
f 831/1388/1173 812/1361/1173 988/1651/1173
f 831/1388/1174 988/1651/1174 832/1389/1174
f 836/1395/1127 830/1406/1127 962/1609/1127
f 983/1643/1175 984/1644/1175 992/1657/1175
f 219/341/1176 221/343/1176 903/1658/1176
f 984/1644/1177 972/1647/1177 992/1657/1177
f 993/1659/1178 218/340/1178 222/344/1178
f 994/1660/1179 983/1643/1179 992/1657/1179
f 995/1661/1180 903/1658/1180 221/343/1180
f 218/340/1181 995/1661/1181 221/343/1181
f 992/1657/1182 972/1647/1182 996/1662/1182
f 936/1552/1056 993/1659/1056 222/344/1056
f 996/1663/1183 972/1664/1183 821/1665/1183
f 993/1659/1178 995/1661/1178 218/340/1178
f 995/1666/1184 905/1492/1184 903/1489/1184
f 138/1667/1185 960/1668/1185 798/1331/1185
f 993/1669/1186 997/1670/1186 998/1671/1186
f 798/1672/1187 960/1614/1187 967/1616/1187
f 997/1670/1186 993/1669/1186 936/1673/1186
f 995/1666/1188 998/1671/1188 905/1492/1188
f 998/1671/1189 995/1666/1189 993/1669/1189
f 794/1322/426 999/1674/426 787/1300/426
f 794/1322/1190 1000/1675/1190 999/1674/1190
f 848/1411/1191 905/1492/1191 998/1671/1191
f 1001/1676/424 793/1313/424 1002/1677/424
f 862/1425/1192 848/1411/1192 998/1671/1192
f 862/1425/1192 998/1671/1192 997/1670/1192
f 850/1413/1193 901/1487/1193 905/1492/1193
f 848/1411/1194 850/1413/1194 905/1492/1194
f 387/607/268 968/1619/268 388/608/268
f 1003/1678/268 226/348/268 1004/1679/268
f 1003/1678/268 1004/1679/268 970/1622/268
f 216/338/1195 1005/1680/1195 217/339/1195
f 216/338/1196 890/1467/1196 1005/1680/1196
f 1004/1679/271 226/348/271 225/347/271
f 210/328/1197 890/1467/1197 216/338/1197
f 1006/1681/1198 226/1682/1198 1007/1683/1198
f 1008/1684/1199 890/1467/1199 210/328/1199
f 1008/1684/1200 891/1468/1200 890/1467/1200
f 209/327/1201 1008/1684/1201 210/328/1201
f 902/1685/1202 1008/1684/1202 209/327/1202
f 897/1686/1203 1008/1684/1203 902/1685/1203
f 897/1686/1203 891/1468/1203 1008/1684/1203
f 1009/1687/273 1004/1688/273 1010/1689/273
f 1011/1690/273 1010/1689/273 1004/1688/273
f 219/341/1204 902/1685/1204 209/327/1204
f 1005/1680/1205 1012/1691/1205 217/339/1205
f 1010/1692/1206 953/1589/1206 1009/1693/1206
f 1005/1680/1207 893/1471/1207 1012/1691/1207
f 1011/1694/272 1013/1695/272 1010/1692/272
f 1007/1696/272 1013/1695/272 1011/1694/272
f 518/836/272 953/1589/272 1010/1692/272
f 1009/1697/268 970/1622/268 1004/1679/268
f 893/1471/1208 892/1470/1208 1012/1691/1208
f 1003/1698/1209 970/1699/1209 1007/1683/1209
f 1013/1700/1209 1007/1683/1209 970/1699/1209
f 880/1450/1210 893/1471/1210 1005/1680/1210
f 880/1450/1211 1005/1680/1211 890/1467/1211
f 903/1658/1212 902/1685/1212 219/341/1212
f 1009/1697/268 969/1620/268 970/1622/268
f 970/1622/1132 518/1621/1132 1013/1701/1132
f 1010/1692/272 1013/1695/272 518/836/272
f 744/1702/1213 1014/1703/1213 887/1704/1213
f 845/1705/1214 887/1704/1214 1014/1703/1214
f 972/1627/1215 806/1371/1215 821/1374/1215
f 494/1706/1216 808/1707/1216 805/1347/1216
f 1015/1708/1217 1016/1709/1217 491/796/1217
f 149/1500/1218 146/1710/1218 937/1554/1218
f 938/1555/1219 915/1512/1219 909/1501/1219
f 915/1590/1220 938/1711/1220 953/1589/1220
f 938/1712/1221 1017/1713/1221 953/1714/1221
f 927/1533/1222 731/1539/1222 739/1201/1222
f 927/1533/1223 733/1192/1223 732/1194/1223
f 927/1533/1224 732/1194/1224 731/1539/1224
f 926/1532/1225 741/1203/1225 740/1202/1225
f 733/1192/1226 927/1533/1226 928/1534/1226
f 1018/1715/1227 735/1195/1227 733/1192/1227
f 1019/1716/1228 1020/1717/1228 1021/1718/1228
f 1022/1719/1229 1021/1720/1229 1014/1703/1229
f 981/1640/1230 986/1646/1230 1023/1721/1230
f 990/1722/1231 1024/1723/1231 1025/1724/1231
f 1023/1721/1232 982/1641/1232 981/1640/1232
f 1020/1725/1233 1023/1721/1233 986/1646/1233
f 703/1726/1234 1026/1727/1234 1027/1728/1234
f 1028/1729/1235 703/1726/1235 1027/1728/1235
f 1026/1727/1236 1029/1730/1236 1027/1728/1236
f 1026/1727/1237 1030/1731/1237 1029/1730/1237
f 701/1145/1238 703/1147/1238 1031/1732/1238
f 1026/1727/1239 703/1726/1239 702/1148/1239
f 681/1116/1240 1026/1727/1240 702/1148/1240
f 681/1116/1241 699/1143/1241 1030/1731/1241
f 681/1116/1242 1030/1731/1242 1026/1727/1242
f 390/1733/1243 1019/1734/1243 1022/1735/1243
f 1032/1736/1244 1031/1732/1244 1018/1715/1244
f 1033/1737/268 390/1618/268 969/1620/268
f 928/1534/1245 1032/1736/1245 1018/1715/1245
f 1033/1738/1246 1034/1739/1246 1025/1740/1246
f 736/1197/1247 735/1200/1247 1035/1741/1247
f 738/1199/1248 736/1197/1248 1035/1741/1248
f 1033/1738/1249 1036/1742/1249 1034/1739/1249
f 1035/1741/1248 1037/1743/1248 738/1199/1248
f 733/1192/1250 928/1534/1250 1018/1715/1250
f 735/1195/1251 1018/1715/1251 1028/1744/1251
f 966/1745/1252 1038/1746/1252 1017/1747/1252
f 1028/1744/1253 1018/1715/1253 1031/1732/1253
f 1028/1744/1254 1031/1732/1254 703/1147/1254
f 1028/1729/1255 1027/1728/1255 1035/1748/1255
f 1027/1728/1256 1037/1749/1256 1035/1748/1256
f 1027/1728/1257 1029/1730/1257 1037/1749/1257
f 1028/1729/1258 1035/1748/1258 735/1750/1258
f 709/1154/1259 1032/1736/1259 1039/1751/1259
f 688/1127/1260 701/1145/1260 1031/1732/1260
f 1032/1736/1261 688/1127/1261 1031/1732/1261
f 1032/1736/1259 709/1154/1259 688/1127/1259
f 720/1177/1262 722/1179/1262 1040/1752/1262
f 722/1179/1263 1041/1753/1263 1040/1752/1263
f 1015/1708/1264 457/722/1264 975/1630/1264
f 1041/1753/1265 193/309/1265 195/311/1265
f 1015/1708/1266 491/796/1266 457/722/1266
f 195/311/1267 1040/1752/1267 1041/1753/1267
f 1041/1753/1268 741/1203/1268 925/1531/1268
f 722/1179/1269 741/1203/1269 1041/1753/1269
f 925/1531/1043 193/309/1043 1041/1753/1043
f 1015/1754/1270 975/1642/1270 1042/1755/1270
f 721/1178/1271 1039/1751/1271 928/1534/1271
f 978/1634/1272 1042/1755/1272 975/1642/1272
f 1032/1736/1271 928/1534/1271 1039/1751/1271
f 978/1634/1273 994/1660/1273 1042/1755/1273
f 978/1634/1274 983/1643/1274 994/1660/1274
f 721/1178/753 720/1177/753 1039/1751/753
f 1039/1751/1275 720/1177/1275 710/1155/1275
f 711/1156/1276 710/1155/1276 720/1177/1276
f 528/1264/1277 494/1706/1277 805/1347/1277
f 711/1156/1276 720/1177/1276 1040/1752/1276
f 710/1155/1278 709/1154/1278 1039/1751/1278
f 1043/1756/89 719/1757/89 1044/1758/89
f 719/1757/89 1043/1756/89 716/1176/89
f 761/1759/540 772/1760/540 1045/1761/540
f 81/1173/750 1043/1762/750 714/1171/750
f 1043/1756/247 1044/1758/247 187/1763/247
f 1043/1762/246 189/303/246 714/1171/246
f 1043/1762/789 187/301/789 189/303/789
f 761/1759/46 764/1764/46 763/1765/46
f 716/1176/247 1043/1756/247 81/1170/247
f 761/1759/1279 763/1765/1279 772/1760/1279
f 761/1252/47 363/1254/47 764/1256/47
f 770/1269/1280 1046/1766/1280 1047/1767/1280
f 1046/1766/1281 550/886/1281 549/885/1281
f 770/1269/1281 550/886/1281 1046/1766/1281
f 376/586/1282 770/1269/1282 765/1257/1282
f 763/1255/1283 770/1269/1283 772/1271/1283
f 763/1255/1284 765/1257/1284 770/1269/1284
f 376/586/1285 550/886/1285 770/1269/1285
f 494/1166/116 773/1272/116 1048/1768/116
f 1049/1769/1286 771/1270/1286 1047/1767/1286
f 1049/1769/1286 1047/1767/1286 1050/1770/1286
f 771/1270/1280 770/1269/1280 1047/1767/1280
f 85/178/657 1051/1771/657 1052/1772/657
f 1053/1773/657 1052/1772/657 1051/1771/657
f 1049/1769/1287 1045/1774/1287 771/1270/1287
f 85/178/163 1052/1772/163 86/179/163
f 1054/1775/1288 1045/1774/1288 1049/1769/1288
f 1054/1776/1289 1055/1777/1289 1045/1761/1289
f 1056/1778/366 85/1042/366 651/1779/366
f 1051/1780/366 85/1042/366 1056/1778/366
f 821/1665/655 1055/1781/655 1054/1782/655
f 1045/1774/1290 772/1271/1290 771/1270/1290
f 1054/1782/655 996/1663/655 821/1665/655
f 651/1779/644 85/1042/644 649/1041/644
f 1057/1783/1291 1053/1784/1291 1058/1785/1291
f 80/1167/1292 494/1166/1292 1048/1768/1292
f 1052/1786/161 1057/1783/161 650/1048/161
f 1052/1786/1293 1053/1784/1293 1057/1783/1293
f 483/1787/1098 83/174/1098 584/941/1098
f 74/1788/1294 483/777/1294 583/940/1294
f 74/1788/1295 80/167/1295 483/777/1295
f 79/164/41 483/777/41 80/167/41
f 483/1787/45 584/941/45 449/712/45
f 83/174/1296 483/1787/1296 79/172/1296
f 86/1050/1297 1052/1786/1297 650/1048/1297
f 651/1047/653 650/1045/653 1057/1789/653
f 1058/1790/654 1056/1791/654 1057/1789/654
f 651/1047/159 1057/1789/159 1056/1791/159
f 83/1059/1298 582/1792/1298 584/1793/1298
f 77/184/1299 582/1792/1299 83/1059/1299
f 584/1793/1300 582/1792/1300 581/1794/1300
f 581/1794/1300 571/1795/1300 584/1793/1300
f 1059/1796/1301 597/961/1301 596/960/1301
f 668/1797/247 597/1798/247 1060/1799/247
f 808/1357/1302 668/1797/1302 1060/1799/1302
f 616/1800/1303 698/1801/1303 680/1802/1303
f 678/1122/1304 674/1803/1304 609/1804/1304
f 678/1122/1305 609/1804/1305 608/1120/1305
f 595/1805/1306 717/1806/1306 594/1807/1306
f 1059/1796/1307 594/1808/1307 717/1809/1307
f 679/1810/1308 604/1811/1308 606/1812/1308
f 604/1811/1309 682/1813/1309 605/1814/1309
f 608/1120/1310 605/1814/1310 682/1813/1310
f 679/1810/1311 682/1813/1311 604/1811/1311
f 682/1813/1312 676/1121/1312 608/1120/1312
f 698/1801/1313 616/1800/1313 610/1815/1313
f 610/1815/1314 696/1816/1314 698/1801/1314
f 610/1815/1315 612/1817/1315 696/1816/1315
f 1059/1796/1316 596/960/1316 594/1808/1316
f 673/1818/1317 587/1099/1317 599/1819/1317
f 718/1820/1318 595/1805/1318 598/1821/1318
f 598/1821/1319 599/1819/1319 718/1820/1319
f 256/962/1320 597/961/1320 668/1096/1320
f 300/1822/1321 700/1823/1321 697/1139/1321
f 680/1802/1322 679/1810/1322 606/1812/1322
f 616/1800/1323 680/1802/1323 606/1812/1323
f 986/1646/1324 1021/1824/1324 1020/1725/1324
f 844/1405/1325 845/1407/1325 1014/1825/1325
f 1014/1825/1326 1021/1824/1326 986/1646/1326
f 844/1405/1327 1014/1825/1327 986/1646/1327
f 1061/1826/1328 985/1653/1328 987/1650/1328
f 1061/1827/1153 986/1646/1153 985/1645/1153
f 1062/1828/1329 1063/1829/1329 1064/1830/1329
f 1064/1830/1330 989/1652/1330 1062/1828/1330
f 1064/1830/1331 987/1650/1331 989/1652/1331
f 1064/1830/1328 1061/1826/1328 987/1650/1328
f 989/1652/1332 1065/1831/1332 1062/1828/1332
f 989/1652/1333 988/1651/1333 1065/1831/1333
f 1062/1828/1334 1065/1831/1334 1066/1832/1334
f 942/1561/1335 1067/1833/1335 1065/1831/1335
f 988/1651/1333 942/1561/1333 1065/1831/1333
f 847/1567/76 748/1220/76 751/1215/76
f 748/1210/1078 847/1410/1078 749/1211/1078
f 714/1160/747 189/1834/747 1068/1835/747
f 1066/1832/1336 1069/1836/1336 1062/1828/1336
f 1068/1835/116 189/1834/116 743/1205/116
f 743/1205/116 189/1834/116 152/252/116
f 706/1151/1337 705/1150/1337 712/1157/1337
f 708/1153/1337 712/1157/1337 705/1150/1337
f 1070/1837/1338 1071/1838/1338 706/1151/1338
f 1070/1837/1338 706/1151/1338 712/1157/1338
f 1065/1831/1335 1067/1833/1335 1072/1839/1335
f 1070/1837/1339 1072/1839/1339 1071/1838/1339
f 1067/1833/1339 1071/1838/1339 1072/1839/1339
f 954/1592/1340 952/1588/1340 706/1151/1340
f 1071/1838/1341 954/1592/1341 706/1151/1341
f 1067/1833/1342 955/1593/1342 1071/1838/1342
f 955/1593/1343 954/1592/1343 1071/1838/1343
f 942/1561/1344 941/1560/1344 1067/1833/1344
f 1067/1833/1345 941/1560/1345 955/1593/1345
f 204/320/1346 711/1156/1346 1040/1752/1346
f 1040/1752/1346 195/311/1346 204/320/1346
f 198/314/1347 203/319/1347 196/312/1347
f 203/319/1348 712/1157/1348 204/320/1348
f 195/311/98 196/312/98 204/320/98
f 1073/1840/1347 203/319/1347 198/314/1347
f 198/314/1349 1074/1841/1349 1073/1840/1349
f 1074/1841/1350 1066/1832/1350 1073/1840/1350
f 711/1156/1351 204/320/1351 712/1157/1351
f 203/319/1352 1070/1837/1352 712/1157/1352
f 1070/1837/1353 203/319/1353 1073/1840/1353
f 1070/1837/1354 1073/1840/1354 1072/1839/1354
f 1065/1831/1355 1072/1839/1355 1066/1832/1355
f 1066/1832/1355 1072/1839/1355 1073/1840/1355
f 719/1174/836 715/1165/836 1068/1842/836
f 714/1160/116 1068/1835/116 715/1161/116
f 1068/1842/250 1044/1843/250 719/1174/250
f 1063/1829/1356 1075/1844/1356 1076/1845/1356
f 1077/1846/1357 1076/1847/1357 1078/1848/1357
f 1077/1846/1357 1078/1848/1357 1079/1849/1357
f 882/1455/1358 883/1456/1358 1079/1849/1358
f 1079/1849/1359 1078/1848/1359 882/1455/1359
f 986/1646/1360 1079/1849/1360 883/1456/1360
f 986/1646/1361 883/1456/1361 844/1405/1361
f 886/1850/247 188/1851/247 187/1763/247
f 187/1763/247 1044/1758/247 886/1850/247
f 1075/1844/1362 1063/1829/1362 1069/1836/1362
f 1076/1845/1363 1077/1852/1363 1063/1829/1363
f 1062/1828/1364 1069/1836/1364 1063/1829/1364
f 1064/1830/1365 1077/1852/1365 1061/1826/1365
f 1064/1830/1366 1063/1829/1366 1077/1852/1366
f 1061/1827/1367 1077/1846/1367 1079/1849/1367
f 1061/1827/1368 1079/1849/1368 986/1646/1368
f 1068/1842/1369 886/1853/1369 1044/1843/1369
f 1068/1842/1370 743/1854/1370 886/1853/1370
f 1078/1855/1371 1080/1856/1371 892/1470/1371
f 1078/1855/1372 892/1470/1372 882/1469/1372
f 1081/1857/1373 1076/1845/1373 1075/1844/1373
f 1075/1844/1373 1082/1858/1373 1081/1857/1373
f 1076/1845/1374 1080/1859/1374 1078/1860/1374
f 1080/1859/1375 1076/1845/1375 1081/1857/1375
f 194/310/1376 197/313/1376 196/312/1376
f 193/309/97 162/262/97 161/261/97
f 169/276/1377 194/310/1377 161/261/1377
f 197/313/1378 1083/1861/1378 1084/1862/1378
f 1084/1862/1379 198/314/1379 197/313/1379
f 169/276/1380 197/313/1380 194/310/1380
f 1074/1841/1379 198/314/1379 1084/1862/1379
f 1085/1863/1381 1074/1841/1381 1084/1862/1381
f 1085/1863/1381 1069/1836/1381 1074/1841/1381
f 1085/1863/1382 1075/1844/1382 1069/1836/1382
f 1075/1844/1383 1085/1863/1383 1082/1858/1383
f 1069/1836/1384 1066/1832/1384 1074/1841/1384
f 1086/1864/1385 1087/1865/1385 1088/1866/1385
f 1086/1864/1385 1082/1858/1385 1087/1865/1385
f 1086/1864/1386 1089/1867/1386 1082/1858/1386
f 1089/1867/1387 1081/1857/1387 1082/1858/1387
f 1086/1868/1388 1090/1869/1388 1089/1870/1388
f 1091/1871/1389 1089/1870/1389 1092/1872/1389
f 1012/1691/1390 1080/1856/1390 1091/1871/1390
f 1092/1872/1391 1089/1870/1391 1090/1869/1391
f 1091/1871/1392 1092/1872/1392 217/339/1392
f 1091/1871/1393 217/339/1393 1012/1691/1393
f 1081/1873/1394 1091/1871/1394 1080/1856/1394
f 1091/1871/1395 1081/1873/1395 1089/1870/1395
f 1012/1691/1396 892/1470/1396 1080/1856/1396
f 724/1187/1397 118/219/1397 1093/1874/1397
f 117/218/1398 1094/1875/1398 1093/1874/1398
f 117/218/1399 1095/1876/1399 1094/1875/1399
f 117/218/1400 1096/1877/1400 1095/1876/1400
f 117/218/1401 1097/1878/1401 1096/1877/1401
f 118/219/1402 117/218/1402 1093/1874/1402
f 1094/1879/1403 160/260/1403 1098/1880/1403
f 160/260/1404 1095/1881/1404 168/275/1404
f 1094/1879/1404 1095/1881/1404 160/260/1404
f 1095/1881/1405 1096/1882/1405 168/275/1405
f 1088/1883/1406 1097/1878/1406 1099/1884/1406
f 1088/1883/1407 1099/1884/1407 1086/1868/1407
f 117/218/1408 1099/1884/1408 1097/1878/1408
f 1099/1884/1409 1090/1869/1409 1086/1868/1409
f 1099/1884/1410 117/218/1410 1090/1869/1410
f 1090/1869/1411 119/220/1411 1092/1872/1411
f 119/220/1412 217/339/1412 1092/1872/1412
f 117/218/1413 119/220/1413 1090/1869/1413
f 1100/1885/1414 1083/1861/1414 169/276/1414
f 197/313/1415 169/276/1415 1083/1861/1415
f 1083/1861/1416 1087/1865/1416 1084/1862/1416
f 1087/1865/1416 1085/1863/1416 1084/1862/1416
f 1096/1882/1417 1100/1885/1417 168/275/1417
f 1097/1886/1418 1100/1885/1418 1096/1882/1418
f 1100/1885/1419 1097/1886/1419 1088/1866/1419
f 168/275/1420 1100/1885/1420 169/276/1420
f 1083/1861/1421 1100/1885/1421 1088/1866/1421
f 1083/1861/1422 1088/1866/1422 1087/1865/1422
f 1101/1887/1423 1047/1767/1423 1102/1888/1423
f 1050/1770/1423 1047/1767/1423 1101/1887/1423
f 1046/1766/1424 1103/1889/1424 1102/1888/1424
f 1103/1889/1425 1046/1766/1425 549/885/1425
f 1103/1889/1426 549/885/1426 559/900/1426
f 1047/1767/1427 1046/1766/1427 1102/1888/1427
f 1104/1890/1428 1049/1769/1428 1050/1770/1428
f 761/1759/39 1055/1777/39 1105/1891/39
f 761/1759/1429 1045/1761/1429 1055/1777/1429
f 1106/1892/1430 1054/1775/1430 1049/1769/1430
f 1055/1781/1299 821/1665/1299 1107/1893/1299
f 1055/1781/1431 1107/1893/1431 1105/1894/1431
f 821/1374/1296 762/1373/1296 1107/1895/1296
f 1108/1896/1432 761/1252/1432 164/266/1432
f 1109/1897/1433 1110/1898/1433 1111/1899/1433
f 1109/1897/1433 1111/1899/1433 1112/1900/1433
f 1110/1898/1434 1106/1892/1434 1104/1890/1434
f 1110/1898/1434 1104/1890/1434 1111/1899/1434
f 1104/1890/1428 1106/1892/1428 1049/1769/1428
f 1015/1708/1435 1042/1901/1435 1109/1902/1435
f 1110/1898/1436 1109/1897/1436 1042/1755/1436
f 994/1660/1436 1110/1898/1436 1042/1755/1436
f 994/1660/1437 992/1657/1437 1106/1892/1437
f 1106/1892/1437 1110/1898/1437 994/1660/1437
f 1054/1775/1438 1106/1892/1438 996/1662/1438
f 992/1657/1439 996/1662/1439 1106/1892/1439
f 1113/1903/1440 1114/1904/1440 1115/1905/1440
f 1109/1902/1441 1115/1905/1441 1015/1708/1441
f 1116/1906/1442 1115/1905/1442 1114/1904/1442
f 491/796/1443 1016/1709/1443 662/1084/1443
f 1117/1907/1444 1016/1709/1444 1015/1708/1444
f 1118/1908/1445 1117/1907/1445 1015/1708/1445
f 1118/1908/1446 1015/1708/1446 1119/1909/1446
f 1115/1905/1447 1119/1909/1447 1015/1708/1447
f 1119/1910/1448 1116/1911/1448 252/1912/1448
f 1119/1909/1449 1115/1905/1449 1116/1906/1449
f 808/1913/1450 494/802/1450 668/1097/1450
f 1120/1914/1451 1121/1915/1451 1122/1916/1451
f 1123/1917/1452 1124/1918/1452 269/1919/1452
f 1123/1920/1453 1113/1903/1453 1115/1905/1453
f 1125/1921/1454 1124/1922/1454 1121/1915/1454
f 1121/1915/1455 1124/1922/1455 1112/1923/1455
f 1124/1922/1455 1123/1920/1455 1112/1923/1455
f 1109/1902/1455 1112/1923/1455 1123/1920/1455
f 1115/1905/1455 1109/1902/1455 1123/1920/1455
f 1120/1914/1456 1125/1921/1456 1121/1915/1456
f 1126/1924/1457 699/1143/1457 700/1144/1457
f 1127/1925/1458 1128/1926/1458 1129/1927/1458
f 1126/1924/1459 1128/1928/1459 1130/1929/1459
f 1127/1930/1460 1129/1931/1460 1122/1932/1460
f 1128/1928/1461 1127/1933/1461 1130/1929/1461
f 699/1143/1462 1126/1924/1462 1130/1929/1462
f 1127/1933/1463 1122/1916/1463 1130/1929/1463
f 1122/1916/1464 1121/1915/1464 1130/1929/1464
f 1121/1915/1465 1112/1923/1465 1130/1929/1465
f 1112/1923/1466 1131/1934/1466 1130/1929/1466
f 1111/1899/1467 1132/1935/1467 1131/1936/1467
f 1111/1899/1467 1131/1936/1467 1112/1900/1467
f 1132/1935/1468 1104/1890/1468 1133/1937/1468
f 1050/1770/1469 1133/1937/1469 1104/1890/1469
f 1104/1890/1470 1132/1935/1470 1111/1899/1470
f 1133/1937/1471 1134/1938/1471 1132/1935/1471
f 1133/1937/1472 1050/1770/1472 1101/1887/1472
f 1135/1939/1473 861/1424/1473 862/1425/1473
f 1136/1940/1474 861/1424/1474 1135/1939/1474
f 1137/1941/1475 1102/1888/1475 1138/1942/1475
f 1138/1942/1476 1102/1888/1476 1103/1889/1476
f 1138/1942/1476 1103/1889/1476 1136/1940/1476
f 1103/1889/1477 559/900/1477 1136/1940/1477
f 1136/1940/1477 559/900/1477 861/1424/1477
f 1137/1941/1478 1101/1887/1478 1102/1888/1478
f 1139/1943/1479 1137/1941/1479 1140/1944/1479
f 1141/1945/1480 1140/1944/1480 1138/1942/1480
f 1141/1945/1481 1138/1942/1481 1136/1940/1481
f 1137/1941/1480 1138/1942/1480 1140/1944/1480
f 1136/1940/1482 1135/1939/1482 1141/1945/1482
f 1142/1946/1483 1101/1887/1483 1137/1941/1483
f 1143/1947/1484 1144/1948/1484 936/1552/1484
f 1145/1949/1485 1146/1950/1485 1147/1951/1485
f 1148/1952/1486 1146/1950/1486 1145/1949/1486
f 1149/1953/1487 1144/1954/1487 1147/1951/1487
f 1147/1951/1488 1146/1950/1488 1149/1953/1488
f 1144/1954/1489 1149/1953/1489 997/1670/1489
f 1149/1953/1490 862/1425/1490 997/1670/1490
f 1144/1954/1489 997/1670/1489 936/1673/1489
f 1150/1955/1491 1140/1944/1491 1148/1952/1491
f 1150/1955/1491 1139/1943/1491 1140/1944/1491
f 1141/1945/1492 1146/1950/1492 1148/1952/1492
f 1149/1953/1493 1146/1950/1493 1135/1939/1493
f 1140/1944/1494 1141/1945/1494 1148/1952/1494
f 1149/1953/1490 1135/1939/1490 862/1425/1490
f 1146/1950/1495 1141/1945/1495 1135/1939/1495
f 737/1198/1496 124/225/1496 730/1189/1496
f 1151/1956/1497 124/225/1497 737/1198/1497
f 1152/1957/1498 124/225/1498 1151/1956/1498
f 1153/1958/1499 124/225/1499 1152/1957/1499
f 843/1605/1500 146/1959/1500 145/1511/1500
f 937/1960/1501 146/1959/1501 843/1605/1501
f 229/1556/1502 145/1511/1502 137/1961/1502
f 517/1591/1105 920/1595/1105 916/1513/1105
f 938/1555/1503 909/1501/1503 149/1500/1503
f 932/1597/1231 940/1962/1231 957/1598/1231
f 932/1597/1504 935/1963/1504 940/1962/1504
f 935/1963/1505 516/1594/1505 940/1962/1505
f 929/1535/1506 959/1601/1506 930/1536/1506
f 930/1536/1507 959/1601/1507 923/1525/1507
f 798/1331/1508 126/1330/1508 138/1667/1508
f 935/1963/1509 920/1595/1509 516/1594/1509
f 793/1313/1510 791/1308/1510 792/1312/1510
f 508/823/1511 511/822/1511 792/1312/1511
f 911/1964/1512 781/1965/1512 780/1327/1512
f 921/1548/1513 934/1547/1513 910/1505/1513
f 910/1505/1513 934/1547/1513 911/1506/1513
f 781/1966/1514 911/1506/1514 934/1547/1514
f 781/1966/1515 934/1547/1515 933/1550/1515
f 910/1508/1015 775/1274/1015 1154/1967/1015
f 1154/1968/1516 923/1530/1516 910/1529/1516
f 781/1291/1517 931/1542/1517 930/1969/1517
f 923/1530/1518 781/1291/1518 930/1969/1518
f 781/1291/808 923/1530/808 1154/1968/808
f 1154/1968/808 775/1279/808 781/1291/808
f 781/1291/155 933/1543/155 931/1542/155
f 777/1283/1519 911/1964/1519 780/1327/1519
f 777/1289/385 774/1273/385 911/1506/385
f 999/1674/1520 1002/1970/1520 787/1300/1520
f 1002/1970/1521 792/1315/1521 787/1300/1521
f 793/1313/424 792/1312/424 1002/1677/424
f 1155/1971/415 504/812/415 506/814/415
f 506/826/426 514/832/426 1155/1972/426
f 505/820/424 515/1973/424 510/821/424
f 514/1974/429 513/829/429 515/833/429
f 1156/1975/424 515/1973/424 504/1976/424
f 504/1976/424 515/1973/424 505/820/424
f 1156/1975/1510 504/1976/1510 1157/1977/1510
f 134/1284/1522 132/1978/1522 778/1285/1522
f 154/1979/1523 133/1980/1523 205/1981/1523
f 137/1961/1524 1158/1982/1524 229/1556/1524
f 205/1981/1525 133/1980/1525 208/1332/1525
f 208/1332/1526 133/1980/1526 126/1330/1526
f 1001/1983/1527 1159/1984/1527 1160/1985/1527
f 1161/1986/1511 1159/1987/1511 1001/1676/1511
f 1001/1983/1528 794/1988/1528 793/1989/1528
f 1159/1990/827 1157/1991/827 1162/1992/827
f 1156/1975/1529 1157/1977/1529 1159/1987/1529
f 1156/1975/1530 1163/1993/1530 514/1994/1530
f 1156/1975/1531 514/1994/1531 515/1973/1531
f 137/1961/1532 125/1995/1532 1158/1982/1532
f 1157/1991/1520 504/1996/1520 1155/1972/1520
f 1157/1991/1521 1155/1972/1521 1162/1992/1521
f 1162/1992/1533 1155/1972/1533 1163/1997/1533
f 1155/1972/426 514/832/426 1163/1997/426
f 1160/1998/1534 1163/1997/1534 1164/1999/1534
f 1160/1998/1534 1162/1992/1534 1163/1997/1534
f 1159/1990/1535 1162/1992/1535 1160/1998/1535
f 1161/1986/821 1164/2000/821 1163/1993/821
f 1161/1986/424 1156/1975/424 1159/1987/424
f 1156/1975/821 1161/1986/821 1163/1993/821
f 967/2001/1536 929/1635/1536 968/1637/1536
f 391/616/274 206/326/274 967/1616/274
f 208/325/274 798/1672/274 967/1616/274
f 206/326/1537 208/325/1537 967/1616/1537
f 959/1615/1537 929/2002/1537 967/1616/1537
f 1165/2003/415 1002/2004/415 999/2005/415
f 1001/1676/424 1002/1677/424 1165/2006/424
f 1166/2007/1538 1165/2003/1538 999/2005/1538
f 1160/1998/1534 1164/1999/1534 1000/1675/1534
f 1000/1675/1534 1164/1999/1534 1166/2008/1534
f 999/1674/426 1000/1675/426 1166/2008/426
f 1165/2006/424 1161/1986/424 1001/1676/424
f 1165/2003/1539 1164/2009/1539 1161/2010/1539
f 1165/2003/1540 1166/2007/1540 1164/2009/1540
f 1167/2011/1541 982/2012/1541 1168/2013/1541
f 1001/1983/428 1160/1985/428 1000/2014/428
f 1001/1983/429 1000/2014/429 794/1988/429
f 967/2015/1542 387/621/1542 394/622/1542
f 387/621/1542 967/2015/1542 968/2016/1542
f 394/617/272 391/616/272 967/1616/272
f 991/2017/1543 990/1722/1543 1025/1724/1543
f 1034/2018/1111 963/2019/1111 974/2020/1111
f 991/2017/1504 1025/1724/1504 974/2020/1504
f 1011/1690/1542 1004/1688/1542 1169/2021/1542
f 1169/2022/274 1006/2023/274 1011/1694/274
f 1033/1738/1544 1024/2024/1544 1167/2025/1544
f 1033/1738/1545 1025/1740/1545 1024/2024/1545
f 1033/2026/1206 1009/1693/1206 953/1589/1206
f 1017/1713/1546 1038/2027/1546 1033/1738/1546
f 1017/1713/1547 1033/1738/1547 953/1714/1547
f 125/1995/1548 127/2028/1548 1170/2029/1548
f 1009/1697/268 1033/1737/268 969/1620/268
f 1171/2030/1549 1170/2031/1549 127/2032/1549
f 1038/2027/1550 1036/1742/1550 1033/1738/1550
f 286/448/1551 283/2033/1551 1172/2034/1551
f 130/400/1552 1171/2030/1552 127/2032/1552
f 1014/1703/1553 1173/2035/1553 1022/1719/1553
f 206/2036/1198 391/612/1198 390/611/1198
f 135/1287/1554 481/1286/1554 779/1288/1554
f 1173/2037/1555 207/323/1555 390/1733/1555
f 151/2038/1556 131/2039/1556 133/1980/1556
f 390/1733/1557 1168/2040/1557 1019/1734/1557
f 1033/1738/1558 1167/2025/1558 390/1733/1558
f 135/1287/1559 134/1284/1559 481/1286/1559
f 1168/2040/1560 390/1733/1560 1167/2025/1560
f 390/1733/1561 1022/1735/1561 1173/2037/1561
f 390/1733/1562 207/323/1562 206/322/1562
f 153/2041/1563 1174/2042/1563 132/1978/1563
f 937/1554/1564 958/2043/1564 1017/1747/1564
f 1153/1958/1565 121/222/1565 124/225/1565
f 1153/1958/1566 1175/2044/1566 121/222/1566
f 1175/2044/1567 1176/2045/1567 121/222/1567
f 1176/2045/1568 1177/2046/1568 121/222/1568
f 1177/2046/1569 1143/1947/1569 121/222/1569
f 1144/1948/1570 1143/1947/1570 1177/2046/1570
f 1143/1947/1571 122/223/1571 121/222/1571
f 1143/1947/1572 223/345/1572 122/223/1572
f 1178/2047/1573 1175/2044/1573 1153/1958/1573
f 1034/2018/1574 974/2020/1574 1025/1724/1574
f 1176/2045/1575 1175/2044/1575 1145/2048/1575
f 1176/2045/1576 1147/2049/1576 1177/2046/1576
f 1147/2049/1570 1144/1948/1570 1177/2046/1570
f 1145/2048/1577 1147/2049/1577 1176/2045/1577
f 1143/1947/1484 936/1552/1484 223/345/1484
f 300/1822/1578 697/1139/1578 612/1138/1578
f 1151/1956/1579 737/1198/1579 1179/2050/1579
f 737/1198/1580 738/1199/1580 1179/2050/1580
f 609/1804/1581 674/1803/1581 673/1818/1581
f 1180/2051/1582 1151/1956/1582 1179/2050/1582
f 1181/2052/1583 1153/1958/1583 1152/1957/1583
f 1181/2052/1584 1178/2047/1584 1153/1958/1584
f 1180/2051/1585 1181/2052/1585 1152/1957/1585
f 1152/1957/1586 1151/1956/1586 1180/2051/1586
f 662/1093/1587 256/962/1587 668/1096/1587
f 1182/2053/1588 1179/2050/1588 738/1199/1588
f 963/2019/1589 1034/2018/1589 1036/2054/1589
f 599/1819/1590 609/1804/1590 673/1818/1590
f 1036/2054/1591 1038/1746/1591 961/2055/1591
f 1087/1865/1592 1082/1858/1592 1085/1863/1592
f 966/1745/1593 964/2056/1593 1038/1746/1593
f 1017/1747/1594 958/2043/1594 966/1745/1594
f 964/2056/1595 961/2055/1595 1038/1746/1595
f 162/262/1038 725/1182/1038 1098/1880/1038
f 1098/1880/77 160/260/77 162/262/77
f 724/1181/1596 1093/2057/1596 1098/1880/1596
f 1017/1747/1597 938/1555/1597 937/1554/1597
f 1093/2057/1403 1094/1879/1403 1098/1880/1403
f 725/1182/1596 724/1181/1596 1098/1880/1596
f 145/1511/1598 231/354/1598 843/1605/1598
f 1020/1717/1599 1019/1716/1599 1168/2013/1599
f 1023/2058/1600 1020/1717/1600 1168/2013/1600
f 979/2059/1601 982/2012/1601 1167/2011/1601
f 1023/2058/1602 1168/2013/1602 982/2012/1602
f 1024/1723/1603 979/2059/1603 1167/2011/1603
f 990/1722/1604 980/2060/1604 1024/1723/1604
f 980/2060/1605 979/2059/1605 1024/1723/1605
f 963/2019/1606 1036/2054/1606 961/2055/1606
f 1021/1718/1607 1022/2061/1607 1019/1716/1607
f 1179/2050/1608 1182/2053/1608 1183/2062/1608
f 1179/2050/1609 1183/2062/1609 1180/2051/1609
f 1014/1703/1610 744/1702/1610 1173/2035/1610
f 742/2063/1611 207/2064/1611 1173/2035/1611
f 1178/2047/1612 1145/2048/1612 1175/2044/1612
f 744/1702/1613 742/2063/1613 1173/2035/1613
f 1184/2065/1614 1181/2052/1614 1180/2051/1614
f 968/1619/271 390/1618/271 388/608/271
f 1184/2065/1615 1180/2051/1615 1183/2062/1615
f 1181/2052/1616 1184/2065/1616 1150/2066/1616
f 1181/2052/1617 1150/2066/1617 1178/2047/1617
f 1148/1952/1618 1145/1949/1618 1178/2067/1618
f 1150/1955/1619 1148/1952/1619 1178/2067/1619
f 173/280/102 220/342/102 1185/2068/102
f 587/1099/1620 669/1098/1620 599/1819/1620
f 1184/2069/1621 1139/1943/1621 1150/1955/1621
f 718/1820/1622 717/1806/1622 595/1805/1622
f 669/1098/1319 718/1820/1319 599/1819/1319
f 1030/1731/1623 1186/2070/1623 1029/1730/1623
f 1186/2070/1624 1187/2071/1624 1029/1730/1624
f 1187/2071/1625 1186/2070/1625 1188/2072/1625
f 1188/2072/1626 1189/2073/1626 1187/2071/1626
f 1186/2070/1627 1030/1731/1627 1130/1929/1627
f 1130/1929/1628 1030/1731/1628 699/1143/1628
f 1188/2072/1629 1186/2070/1629 1131/1934/1629
f 1130/1929/1630 1131/1934/1630 1186/2070/1630
f 1131/1936/1631 1132/1935/1631 1188/2074/1631
f 283/2033/1632 1190/2075/1632 1172/2034/1632
f 1132/1935/1633 1134/1938/1633 1188/2074/1633
f 1191/2076/1634 229/1556/1634 1158/1982/1634
f 738/1199/1588 1037/1743/1588 1182/2053/1588
f 1187/2077/1635 1037/1743/1635 1029/2078/1635
f 1187/2077/1636 1182/2053/1636 1037/1743/1636
f 1182/2053/1637 1187/2077/1637 1189/2079/1637
f 1183/2062/1638 1182/2053/1638 1189/2079/1638
f 220/2080/783 213/594/783 384/596/783
f 220/342/102 214/332/102 213/331/102
f 1192/2081/264 220/2080/264 384/596/264
f 1003/1698/1198 1007/1683/1198 226/1682/1198
f 1193/2082/1639 1194/2083/1639 1006/2084/1639
f 225/2085/1542 1169/2021/1542 1004/1688/1542
f 1007/1696/272 1011/1694/272 1006/2023/272
f 1169/2022/1537 1195/2086/1537 1006/2023/1537
f 1196/2087/1546 226/2088/1546 1006/2084/1546
f 165/268/782 1197/2089/782 1198/2090/782
f 220/2080/264 1198/2090/264 1197/2089/264
f 396/1224/264 1197/2089/264 165/268/264
f 157/624/1640 1197/2091/1640 396/625/1640
f 886/1850/1641 543/875/1641 215/878/1641
f 1185/2068/1078 220/342/1078 1197/2091/1078
f 220/2080/264 1192/2081/264 1198/2090/264
f 215/336/745 1199/2092/745 188/2093/745
f 1192/2094/1642 1200/2095/1642 1201/2096/1642
f 1199/2097/1070 1202/2098/1070 157/257/1070
f 489/798/409 1200/2095/409 384/799/409
f 384/799/409 1200/2095/409 1192/2094/409
f 543/875/89 179/876/89 215/878/89
f 177/877/89 176/2099/89 215/878/89
f 1199/2092/745 215/336/745 1202/2100/745
f 1202/2100/84 215/336/84 173/280/84
f 1202/2098/338 173/2101/338 1185/2102/338
f 1198/2103/785 1199/2104/785 156/273/785
f 157/624/1643 1185/2068/1643 1197/2091/1643
f 188/1851/247 886/1850/247 215/878/247
f 157/257/1644 1202/2098/1644 1185/2102/1644
f 156/256/1070 1199/2097/1070 157/257/1070
f 1198/2103/785 1201/2096/785 1199/2104/785
f 1198/2103/785 1192/2094/785 1201/2096/785
f 152/2105/1645 188/2093/1645 1199/2092/1645
f 1203/2106/1646 1204/2107/1646 1205/2108/1646
f 1203/2106/1647 779/2109/1647 1206/2110/1647
f 1203/2111/272 392/623/272 1195/2086/272
f 1203/2111/272 1195/2086/272 1169/2022/272
f 286/448/1648 1172/2034/1648 1171/2030/1648
f 1171/2030/1649 130/400/1649 286/448/1649
f 1172/2112/1650 1169/2113/1650 1171/2114/1650
f 283/2033/1651 282/2115/1651 1190/2075/1651
f 125/1995/1652 1170/2029/1652 1158/1982/1652
f 1158/1982/1653 1170/2029/1653 1191/2076/1653
f 1171/2114/1654 1169/2113/1654 1170/2116/1654
f 1169/2113/1655 1191/2117/1655 1170/2116/1655
f 1169/2113/1656 229/353/1656 1191/2117/1656
f 1207/2118/271 227/349/271 226/348/271
f 225/351/1657 229/353/1657 1169/2113/1657
f 1203/2106/1658 1205/2108/1658 779/2109/1658
f 1203/2106/1659 1169/2113/1659 1172/2112/1659
f 1203/2106/1660 1172/2112/1660 1190/2119/1660
f 1190/2119/1661 1204/2107/1661 1203/2106/1661
f 778/2120/1662 1203/2106/1662 1206/2110/1662
f 132/1978/1663 1174/2042/1663 1208/2121/1663
f 778/1285/1664 132/1978/1664 1208/2121/1664
f 136/759/1665 779/1288/1665 1205/2122/1665
f 1204/2123/1666 472/2124/1666 1205/2122/1666
f 282/2115/1667 1204/2123/1667 1190/2075/1667
f 472/2124/1668 473/757/1668 1205/2122/1668
f 473/757/1669 136/759/1669 1205/2122/1669
f 282/2115/1670 472/2124/1670 1204/2123/1670
f 778/2120/1671 1209/2125/1671 1203/2106/1671
f 1206/2126/1672 481/1286/1672 778/1285/1672
f 779/1288/1673 481/1286/1673 1206/2126/1673
f 1210/2127/1674 683/2128/1674 1193/2129/1674
f 1210/2130/1675 1193/2082/1675 1006/2084/1675
f 1207/2131/1676 694/1603/1676 227/356/1676
f 1196/2132/1677 1207/2118/1677 226/348/1677
f 693/2133/1549 1211/2134/1549 1194/2135/1549
f 1006/2084/1678 1194/2083/1678 1211/2136/1678
f 1211/2136/1679 1196/2087/1679 1006/2084/1679
f 156/273/1680 165/272/1680 1198/2103/1680
f 1195/2086/1206 395/618/1206 1212/2137/1206
f 389/2138/1206 1212/2137/1206 395/618/1206
f 790/2139/1681 1195/2140/1681 1213/2141/1681
f 1214/2142/1547 1210/2130/1547 1195/2140/1547
f 1210/2130/1682 1006/2084/1682 1195/2140/1682
f 663/2143/1682 1214/2142/1682 1195/2140/1682
f 790/2139/1683 663/2143/1683 1195/2140/1683
f 392/623/274 395/618/274 1195/2086/274
f 154/1979/1684 207/2064/1684 742/2063/1684
f 151/2038/1685 133/1980/1685 154/1979/1685
f 205/1981/1686 207/2064/1686 154/1979/1686
f 131/2039/1687 151/2038/1687 153/2144/1687
f 153/2041/1688 132/1978/1688 131/2145/1688
f 1212/2146/268 393/615/268 1209/2147/268
f 1215/2148/1677 1209/2147/1677 1208/2149/1677
f 1203/2150/1132 1209/2147/1132 392/2151/1132
f 1213/2152/1689 1212/2146/1689 1216/2153/1689
f 1217/2154/268 1216/2153/268 1212/2146/268
f 1212/2146/271 389/609/271 393/615/271
f 1215/2148/1677 1212/2146/1677 1209/2147/1677
f 1217/2154/1690 1212/2146/1690 1215/2148/1690
f 393/615/1132 392/2151/1132 1209/2147/1132
f 778/2120/1691 1208/2155/1691 1209/2125/1691
f 1213/2141/1546 1195/2140/1546 1212/2156/1546
f 1201/2157/116 153/253/116 152/252/116
f 1199/2092/1692 1201/2158/1692 152/2105/1692
f 1200/2159/1693 807/1354/1693 1201/2157/1693
f 1200/2159/116 489/879/116 807/1354/116
f 1210/2127/1694 1214/2160/1694 684/2161/1694
f 471/2162/1695 694/1603/1695 1207/2131/1695
f 471/2162/1696 1196/2163/1696 691/2164/1696
f 1211/2134/1697 693/2133/1697 691/2165/1697
f 1194/2135/1698 1193/2129/1698 692/2166/1698
f 692/2166/1699 693/2133/1699 1194/2135/1699
f 1207/2131/1700 1196/2163/1700 471/2162/1700
f 1196/2163/1701 1211/2167/1701 691/2164/1701
f 807/2168/1702 795/1317/1702 1217/2169/1702
f 1217/2169/1703 795/1317/1703 784/1294/1703
f 1217/2169/1704 784/1294/1704 1216/2170/1704
f 783/1293/1705 1216/2170/1705 784/1294/1705
f 1213/2171/1706 1216/2170/1706 783/1293/1706
f 1218/2172/1707 1184/2069/1707 1183/2173/1707
f 1183/2173/1708 1189/2174/1708 1218/2172/1708
f 1218/2172/1709 1139/1943/1709 1184/2069/1709
f 1134/1938/1710 1218/2172/1710 1189/2174/1710
f 1189/2174/1711 1188/2074/1711 1134/1938/1711
f 1218/2172/1712 1134/1938/1712 1142/1946/1712
f 1218/2172/1713 1142/1946/1713 1139/1943/1713
f 1142/1946/1479 1137/1941/1479 1139/1943/1479
f 1133/1937/1714 1142/1946/1714 1134/1938/1714
f 1101/1887/1483 1142/1946/1483 1133/1937/1483
f 1060/2175/1369 773/1328/1369 360/554/1369
f 139/240/645 141/242/645 1219/2176/645
f 1060/1799/1715 597/1798/1715 1059/2177/1715
f 1220/2178/646 141/428/646 1221/2179/646
f 1221/2179/159 141/428/159 280/427/159
f 1219/2180/1716 1222/2181/1716 139/2182/1716
f 717/1168/448 81/1170/448 1060/1799/448
f 1060/1799/1717 1059/2177/1717 717/1168/1717
f 1219/2180/657 1053/1773/657 1051/1771/657
f 1058/1790/654 1220/2178/654 1056/1791/654
f 1219/2176/645 141/242/645 1220/2183/645
f 1220/2178/654 1221/2179/654 1056/1791/654
f 1056/2184/649 1222/2181/649 1051/1771/649
f 1222/2181/1718 1219/2180/1718 1051/1771/1718
f 1056/2184/652 1221/2185/652 1222/2181/652
f 280/433/647 1222/2186/647 1221/2187/647
f 1219/2188/1719 1220/2178/1719 1058/1790/1719
f 1219/2188/1719 1058/1790/1719 1053/2189/1719
f 1060/2190/834 81/169/834 76/168/834
f 80/2191/1720 1060/2190/1720 76/168/1720
f 80/2191/1721 1048/2192/1721 1060/2190/1721
f 360/577/247 808/1357/247 1060/1799/247
f 1048/2193/1369 773/1328/1369 1060/2175/1369
f 762/1253/41 761/1252/41 1108/1896/41
f 1108/2194/45 163/264/45 90/263/45
f 1108/1896/541 164/266/541 163/265/541
f 90/263/1722 1107/1895/1722 1108/2194/1722
f 164/2195/46 761/1759/46 1105/1891/46
f 1105/1894/1723 1107/1893/1723 90/2196/1723
f 1108/2194/45 1107/1895/45 762/1373/45
f 140/441/657 139/2182/657 285/442/657
f 139/2182/657 284/2197/657 285/442/657
f 1125/2198/1724 269/1919/1724 1124/1918/1724
f 1117/2199/1725 254/2200/1725 1016/2201/1725
f 284/432/647 1222/2186/647 280/433/647
f 284/2197/1726 139/2182/1726 1222/2181/1726
f 1114/2202/1727 250/2203/1727 1116/1911/1727
f 255/2204/1728 254/2205/1728 1117/2206/1728
f 1128/1926/1729 297/2207/1729 1129/1927/1729
f 268/2208/1730 267/2209/1730 1120/2210/1730
f 1125/2198/1731 1120/2210/1731 267/2209/1731
f 270/2211/1732 1125/2198/1732 267/2209/1732
f 269/1919/1733 1125/2198/1733 270/2211/1733
f 251/2212/1734 1123/1917/1734 269/1919/1734
f 250/2203/1735 252/1912/1735 1116/1911/1735
f 252/1912/1736 253/2213/1736 1119/1910/1736
f 250/2203/1737 1114/2202/1737 251/2212/1737
f 1016/2201/1738 254/2200/1738 256/962/1738
f 662/1093/1739 1016/2201/1739 256/962/1739
f 255/2204/1740 1118/2214/1740 253/2213/1740
f 1117/2206/1741 1118/2214/1741 255/2204/1741
f 1119/1910/1742 253/2213/1742 1118/2214/1742
f 1126/2215/1743 300/1822/1743 298/2216/1743
f 1128/1926/1744 298/2216/1744 297/2207/1744
f 1129/1931/1745 299/2217/1745 1122/1932/1745
f 1120/2210/1746 1122/1932/1746 268/2208/1746
f 299/2217/1747 268/2208/1747 1122/1932/1747
f 700/1823/1748 300/1822/1748 1126/2215/1748
f 1126/2215/1749 298/2216/1749 1128/1926/1749
f 299/2217/1750 1129/1931/1750 297/2218/1750
f 1123/1917/1751 251/2212/1751 1113/2219/1751
f 1114/2202/1752 1113/2219/1752 251/2212/1752
f 155/255/1753 91/2220/1753 84/175/1753
f 1105/1894/1754 90/2196/1754 91/2221/1754
f 155/255/46 164/2195/46 91/2220/46
f 164/2195/46 1105/1891/46 91/2220/46
f 665/1087/1651 684/2161/1651 1214/2160/1651
f 663/1085/1755 665/1087/1755 1214/2160/1755
f 684/2161/1756 683/2128/1756 1210/2127/1756
f 1193/2129/1757 683/2128/1757 692/2166/1757
f 807/2168/1758 1217/2169/1758 1215/2222/1758
f 789/1302/1759 1213/2171/1759 783/1293/1759
f 789/1302/1759 790/1303/1759 1213/2171/1759
f 664/1086/1666 663/1085/1666 790/1303/1666
f 807/2168/1760 1215/2222/1760 1174/2042/1760
f 1215/2222/864 1208/2121/864 1174/2042/864
f 1201/2157/1761 1174/2223/1761 153/253/1761
f 1201/2157/1693 807/1354/1693 1174/2223/1693
f 820/1370/1762 1223/2224/1762 845/1705/1762
f 887/1704/1763 845/1705/1763 1223/2224/1763
f 820/1370/1764 819/1369/1764 1223/2224/1764
f 1223/2225/1765 819/1460/1765 886/1459/1765
f 1223/2225/1766 886/1459/1766 887/1463/1766
f 1248/2226/1767 1228/2227/1767 385/598/1767
f 1225/597/1768 1248/2226/1768 385/598/1768
f 386/603/267 1229/606/267 1249/2228/267
f 1230/627/1769 386/601/1769 1249/2229/1769
f 1249/2230/9 1229/2231/9 1228/2232/9 1248/2233/9 1225/2234/9 1224/670/9 1231/672/9 1237/1238/9 94/2235/9 1242/1246/9 1239/1240/9 1232/676/9 1227/675/9 1226/2236/9 1230/2237/9
f 94/2235/10 1237/1238/10 1238/1239/10 97/2238/10 1244/1244/10 1241/1247/10
f 1243/1245/1770 1244/1244/1770 97/2238/1770 1246/2239/1770 1247/1574/1770
f 1236/2240/19 1240/2241/19 1245/2242/19 1246/2243/19 97/2244/19 1238/2245/19 1235/2246/19 1233/2247/19 1234/2248/19
f 1242/2249/22 94/2250/22 1241/2251/22
# bbox padding: degenerate tris, zero area, never rendered
v 0.000000 -0.396700 0.000000
v 0.000000 0.396700 0.000000
vt 0.000000 0.000000
vn 0.000000 1.000000 0.000000
f 1250/2252/1771 1250/2252/1771 1250/2252/1771
f 1251/2252/1771 1251/2252/1771 1251/2252/1771
